step,tokens,elapsed_s,loss,grad_norm,lr_mult
0,0,20.3,9.1717,8.099,0.0003
20,5242880,69.8,9.0619,7.853,0.0070
40,10485760,106.8,8.7673,6.430,0.0137
60,15728640,143.4,8.4215,4.098,0.0203
80,20971520,179.6,8.1279,2.051,0.0270
100,26214400,215.6,7.8948,1.130,0.0337
120,31457280,250.8,7.7329,1.120,0.0403
140,36700160,286.3,7.5222,1.964,0.0470
160,41943040,320.7,7.3150,2.381,0.0537
180,47185920,354.6,7.0784,2.566,0.0603
200,52428800,388.2,6.8593,2.592,0.0670
220,57671680,421.7,6.6050,3.675,0.0737
240,62914560,454.9,6.4268,3.454,0.0803
260,68157440,491.1,6.2983,3.584,0.0870
280,73400320,524.0,6.1052,3.948,0.0937
300,78643200,556.7,5.9778,4.359,0.1003
320,83886080,588.9,5.8371,4.579,0.1070
340,89128960,621.6,5.6448,4.473,0.1137
360,94371840,653.5,5.5492,5.575,0.1203
380,99614720,685.5,5.4117,4.852,0.1270
400,104857600,717.2,5.3193,4.875,0.1337
420,110100480,748.3,5.1670,4.538,0.1403
440,115343360,779.5,5.1266,3.797,0.1470
460,120586240,810.3,5.0523,3.493,0.1537
480,125829120,840.9,4.9348,3.014,0.1603
500,131072000,871.6,4.8787,2.934,0.1670
520,136314880,904.2,4.8426,2.812,0.1737
540,141557760,934.7,4.7677,3.185,0.1803
560,146800640,965.3,4.6909,2.260,0.1870
580,152043520,995.5,4.6515,2.368,0.1937
600,157286400,1025.7,4.5786,2.210,0.2003
620,162529280,1055.7,4.5232,2.083,0.2070
640,167772160,1085.8,4.5598,1.873,0.2137
660,173015040,1115.7,4.5845,1.783,0.2203
680,178257920,1145.6,4.4469,1.793,0.2270
700,183500800,1175.7,4.4506,1.786,0.2337
720,188743680,1207.5,4.3889,1.525,0.2403
740,193986560,1238.1,4.3945,1.457,0.2470
760,199229440,1270.4,4.3119,1.348,0.2537
780,204472320,1300.3,4.2521,1.354,0.2603
800,209715200,1330.2,4.3239,1.284,0.2670
820,214958080,1359.9,4.2328,1.119,0.2737
840,220200960,1389.7,4.1871,1.047,0.2803
860,225443840,1419.3,4.1505,1.106,0.2870
880,230686720,1449.0,4.1404,1.005,0.2937
900,235929600,1478.5,4.1387,0.907,0.3003
920,241172480,1508.2,4.0735,0.996,0.3070
940,246415360,1537.4,4.1507,0.941,0.3137
960,251658240,1566.8,4.0736,0.840,0.3203
980,256901120,1596.1,4.0254,0.858,0.3270
1000,262144000,1625.5,4.1002,0.828,0.3337
1020,267386880,1656.9,4.0510,0.757,0.3403
1040,272629760,1686.3,3.9629,0.685,0.3470
1060,277872640,1715.5,4.0225,0.715,0.3537
1080,283115520,1744.6,3.9727,0.750,0.3603
1100,288358400,1773.7,4.0162,0.722,0.3670
1120,293601280,1802.7,3.9062,0.656,0.3737
1140,298844160,1831.9,3.9968,0.754,0.3803
1160,304087040,1860.8,3.9808,0.635,0.3870
1180,309329920,1890.1,3.8403,0.629,0.3937
1200,314572800,1919.0,3.9508,0.556,0.4003
1220,319815680,1947.8,3.9046,0.593,0.4070
1240,325058560,1976.7,3.8673,0.530,0.4137
1260,330301440,2007.9,3.8744,0.606,0.4203
1280,335544320,2036.9,3.8512,0.545,0.4270
1300,340787200,2065.9,3.9037,0.566,0.4337
1320,346030080,2094.8,3.8655,0.458,0.4403
1340,351272960,2123.6,3.8558,0.506,0.4470
1360,356515840,2152.3,3.8706,0.457,0.4537
1380,361758720,2181.0,3.7962,0.460,0.4603
1400,367001600,2209.8,3.8287,0.465,0.4670
1420,372244480,2238.8,3.7806,0.503,0.4737
1440,377487360,2267.5,3.8035,0.505,0.4803
1460,382730240,2296.2,3.7403,0.485,0.4870
1480,387973120,2326.2,3.8068,0.425,0.4937
1500,393216000,2354.9,3.7005,0.418,0.5003
1520,398458880,2385.3,3.7476,0.440,0.5070
1540,403701760,2413.9,3.7497,0.369,0.5137
1560,408944640,2442.6,3.6964,0.383,0.5203
1580,414187520,2471.3,3.7009,0.394,0.5270
1600,419430400,2500.2,3.7089,0.375,0.5337
1620,424673280,2528.8,3.7238,0.357,0.5403
1640,429916160,2557.5,3.6768,0.347,0.5470
1660,435159040,2586.2,3.7237,0.373,0.5537
1680,440401920,2614.8,3.6632,0.342,0.5603
1700,445644800,2643.4,3.7420,0.380,0.5670
1720,450887680,2671.9,3.6697,0.326,0.5737
1740,456130560,2700.5,3.6823,0.371,0.5803
1760,461373440,2731.6,3.7205,0.354,0.5870
1780,466616320,2760.7,3.6476,0.366,0.5937
1800,471859200,2789.3,3.6446,0.353,0.6003
1820,477102080,2817.9,3.6496,0.346,0.6070
1840,482344960,2846.4,3.7379,0.337,0.6137
1860,487587840,2875.0,3.6122,0.349,0.6203
1880,492830720,2903.5,3.6002,0.316,0.6270
1900,498073600,2932.0,3.7093,0.290,0.6337
1920,503316480,2960.4,3.6081,0.273,0.6403
1940,508559360,2988.9,3.6638,0.310,0.6470
1960,513802240,3017.4,3.6182,0.280,0.6537
1980,519045120,3046.1,3.6740,0.321,0.6603
2000,524288000,3074.6,3.6034,0.277,0.6670
2020,529530880,3105.9,3.6006,0.318,0.6737
2040,534773760,3134.4,3.6437,0.289,0.6803
2060,540016640,3163.0,3.5851,0.274,0.6870
2080,545259520,3191.4,3.6400,0.277,0.6937
2100,550502400,3219.9,3.5364,0.280,0.7003
2120,555745280,3248.4,3.5818,0.278,0.7070
2140,560988160,3277.0,3.6254,0.309,0.7137
2160,566231040,3305.6,3.5812,0.284,0.7203
2180,571473920,3334.2,3.5910,0.277,0.7270
2200,576716800,3362.7,3.5599,0.261,0.7337
2220,581959680,3391.3,3.5090,0.280,0.7403
2240,587202560,3419.7,3.5550,0.281,0.7470
2260,592445440,3450.7,3.5651,0.242,0.7537
2280,597688320,3479.1,3.5877,0.243,0.7603
2300,602931200,3507.6,3.5102,0.240,0.7670
2320,608174080,3536.2,3.5427,0.260,0.7737
2340,613416960,3564.6,3.4250,0.241,0.7803
2360,618659840,3593.1,3.5363,0.255,0.7870
2380,623902720,3621.6,3.5784,0.241,0.7937
2400,629145600,3650.0,3.4891,0.230,0.8003
2420,634388480,3678.4,3.5225,0.217,0.8070
2440,639631360,3707.2,3.4878,0.204,0.8137
2460,644874240,3735.6,3.5391,0.250,0.8203
2480,650117120,3764.0,3.5436,0.229,0.8270
2500,655360000,3792.4,3.5041,0.246,0.8337
2520,660602880,3822.9,3.4972,0.225,0.8403
2540,665845760,3851.2,3.4557,0.218,0.8470
2560,671088640,3879.7,3.5700,0.217,0.8537
2580,676331520,3908.1,3.4392,0.206,0.8603
2600,681574400,3936.7,3.4862,0.219,0.8670
2620,686817280,3965.1,3.4842,0.198,0.8737
2640,692060160,3993.4,3.4335,0.213,0.8803
2660,697303040,4021.8,3.4898,0.205,0.8870
2680,702545920,4050.2,3.5361,0.218,0.8937
2700,707788800,4078.6,3.4832,0.186,0.9003
2720,713031680,4107.1,3.5538,0.215,0.9070
2740,718274560,4135.5,3.4446,0.194,0.9137
2760,723517440,4166.6,3.5376,0.212,0.9203
2780,728760320,4195.2,3.4694,0.207,0.9270
2800,734003200,4223.6,3.5085,0.220,0.9337
2820,739246080,4252.1,3.4451,0.192,0.9403
2840,744488960,4280.5,3.4139,0.192,0.9470
2860,749731840,4309.2,3.5144,0.178,0.9537
2880,754974720,4337.6,3.5037,0.209,0.9603
2900,760217600,4366.0,3.4379,0.198,0.9670
2920,765460480,4394.4,3.5170,0.194,0.9737
2940,770703360,4422.7,3.4265,0.187,0.9803
2960,775946240,4451.1,3.4485,0.184,0.9870
2980,781189120,4479.4,3.4461,0.194,0.9937
3000,786432000,4507.8,3.4282,0.182,1.0000
3020,791674880,4538.5,3.4369,0.203,1.0000
3040,796917760,4566.9,3.4448,0.183,1.0000
3060,802160640,4595.4,3.4253,0.190,1.0000
3080,807403520,4623.8,3.4707,0.183,1.0000
3100,812646400,4652.2,3.4882,0.177,1.0000
3120,817889280,4680.5,3.4119,0.171,1.0000
3140,823132160,4709.1,3.4035,0.166,1.0000
3160,828375040,4737.5,3.4996,0.169,1.0000
3180,833617920,4765.8,3.3932,0.183,1.0000
3200,838860800,4794.2,3.4320,0.164,1.0000
3220,844103680,4822.7,3.4584,0.171,1.0000
3240,849346560,4851.1,3.4021,0.166,1.0000
3260,854589440,4882.2,3.3905,0.180,1.0000
3280,859832320,4910.9,3.3311,0.153,1.0000
3300,865075200,4939.3,3.4544,0.162,1.0000
3320,870318080,4967.9,3.3852,0.170,1.0000
3340,875560960,4996.2,3.3721,0.156,1.0000
3360,880803840,5024.6,3.3668,0.158,1.0000
3380,886046720,5053.0,3.4823,0.161,1.0000
3400,891289600,5081.3,3.3315,0.159,1.0000
3420,896532480,5109.7,3.3620,0.162,1.0000
3440,901775360,5138.5,3.3799,0.161,1.0000
3460,907018240,5166.8,3.3663,0.165,1.0000
3480,912261120,5195.3,3.3455,0.141,1.0000
3500,917504000,5223.6,3.3701,0.148,1.0000
3520,922746880,5254.7,3.3937,0.149,1.0000
3540,927989760,5283.0,3.4081,0.137,1.0000
3560,933232640,5311.6,3.3717,0.155,1.0000
3580,938475520,5340.0,3.3395,0.149,1.0000
3600,943718400,5368.4,3.3712,0.146,1.0000
3620,948961280,5396.8,3.3410,0.146,1.0000
3640,954204160,5425.4,3.3676,0.159,1.0000
3660,959447040,5453.8,3.3643,0.133,1.0000
3680,964689920,5482.1,3.4108,0.137,1.0000
3700,969932800,5510.8,3.3675,0.148,1.0000
3720,975175680,5539.1,3.3195,0.133,1.0000
3740,980418560,5567.4,3.3811,0.142,1.0000
3760,985661440,5597.7,3.4015,0.136,1.0000
3780,990904320,5626.3,3.2806,0.132,1.0000
3800,996147200,5654.6,3.3523,0.142,1.0000
3820,1001390080,5682.9,3.3474,0.135,1.0000
3840,1006632960,5711.3,3.3545,0.160,1.0000
3860,1011875840,5739.6,3.3827,0.137,1.0000
3880,1017118720,5768.0,3.3509,0.137,1.0000
3900,1022361600,5796.3,3.3636,0.131,1.0000
3920,1027604480,5824.7,3.3013,0.142,1.0000
3940,1032847360,5853.1,3.2914,0.140,1.0000
3960,1038090240,5881.5,3.3390,0.157,1.0000
3980,1043333120,5909.8,3.3603,0.141,1.0000
4000,1048576000,5938.1,3.2941,0.141,1.0000
4020,1053818880,5968.2,3.3897,0.138,1.0000
4040,1059061760,5996.5,3.3292,0.139,1.0000
4060,1064304640,6024.9,3.3909,0.139,1.0000
4080,1069547520,6053.3,3.2938,0.130,1.0000
4100,1074790400,6081.7,3.3696,0.139,1.0000
4120,1080033280,6110.3,3.3209,0.133,1.0000
4140,1085276160,6138.8,3.2955,0.122,1.0000
4160,1090519040,6167.2,3.3374,0.131,1.0000
4180,1095761920,6195.7,3.3237,0.135,1.0000
4200,1101004800,6224.0,3.3138,0.128,1.0000
4220,1106247680,6252.5,3.2945,0.131,1.0000
4240,1111490560,6280.9,3.3208,0.132,1.0000
4260,1116733440,6311.7,3.3327,0.139,1.0000
4280,1121976320,6340.2,3.3556,0.124,1.0000
4300,1127219200,6368.6,3.2719,0.127,1.0000
4320,1132462080,6397.1,3.2932,0.130,1.0000
4340,1137704960,6425.5,3.2605,0.135,1.0000
4360,1142947840,6453.9,3.3248,0.132,1.0000
4380,1148190720,6482.3,3.3350,0.123,1.0000
4400,1153433600,6510.6,3.3342,0.126,1.0000
4420,1158676480,6539.0,3.2465,0.133,1.0000
4440,1163919360,6567.3,3.2575,0.123,1.0000
4460,1169162240,6595.6,3.2843,0.134,1.0000
4480,1174405120,6624.1,3.2848,0.122,1.0000
4500,1179648000,6652.4,3.3234,0.135,1.0000
4520,1184890880,6682.9,3.3075,0.133,1.0000
4540,1190133760,6711.5,3.2631,0.117,1.0000
4560,1195376640,6740.1,3.3458,0.124,1.0000
4580,1200619520,6768.4,3.3130,0.125,1.0000
4600,1205862400,6796.8,3.3732,0.124,1.0000
4620,1211105280,6825.1,3.2994,0.122,1.0000
4640,1216348160,6853.6,3.2684,0.124,1.0000
4660,1221591040,6882.0,3.3145,0.123,1.0000
4680,1226833920,6910.5,3.3238,0.126,1.0000
4700,1232076800,6939.1,3.3119,0.125,1.0000
4720,1237319680,6967.4,3.3157,0.119,1.0000
4740,1242562560,6996.0,3.2910,0.126,1.0000
4760,1247805440,7026.4,3.2427,0.126,1.0000
4780,1253048320,7055.1,3.3577,0.130,1.0000
4800,1258291200,7083.4,3.3285,0.129,1.0000
4820,1263534080,7111.9,3.3116,0.129,1.0000
4840,1268776960,7140.3,3.2547,0.119,1.0000
4860,1274019840,7168.8,3.2710,0.123,1.0000
4880,1279262720,7197.1,3.2831,0.120,1.0000
4900,1284505600,7225.5,3.2768,0.131,1.0000
4920,1289748480,7253.8,3.2962,0.128,1.0000
4940,1294991360,7282.3,3.3386,0.119,1.0000
4960,1300234240,7311.0,3.2921,0.128,1.0000
4980,1305477120,7339.3,3.2897,0.126,1.0000
5000,1310720000,7367.6,3.2662,0.123,1.0000
5020,1315962880,7399.4,3.2428,0.124,1.0000
5040,1321205760,7427.8,3.2168,0.121,1.0000
5060,1326448640,7456.2,3.2593,0.118,1.0000
5080,1331691520,7484.4,3.3021,0.124,1.0000
5100,1336934400,7512.9,3.2150,0.115,1.0000
5120,1342177280,7541.2,3.2351,0.131,1.0000
5140,1347420160,7569.5,3.2764,0.118,1.0000
5160,1352663040,7597.8,3.2367,0.112,1.0000
5180,1357905920,7626.5,3.2268,0.117,1.0000
5200,1363148800,7654.8,3.2918,0.120,1.0000
5220,1368391680,7683.0,3.2741,0.121,1.0000
5240,1373634560,7711.4,3.2976,0.117,1.0000
5260,1378877440,7741.6,3.2460,0.118,1.0000
5280,1384120320,7769.9,3.2481,0.119,1.0000
5300,1389363200,7798.1,3.2539,0.111,1.0000
5320,1394606080,7826.4,3.1694,0.110,1.0000
5340,1399848960,7854.7,3.2410,0.118,1.0000
5360,1405091840,7883.0,3.2469,0.118,1.0000
5380,1410334720,7911.5,3.2685,0.128,1.0000
5400,1415577600,7940.0,3.2412,0.122,1.0000
5420,1420820480,7968.3,3.2191,0.117,1.0000
5440,1426063360,7996.7,3.2519,0.119,1.0000
5460,1431306240,8025.0,3.2732,0.112,1.0000
5480,1436549120,8053.3,3.2132,0.123,1.0000
5500,1441792000,8081.6,3.2661,0.117,1.0000
5520,1447034880,8112.0,3.1730,0.115,1.0000
5540,1452277760,8140.3,3.2116,0.111,1.0000
5560,1457520640,8168.5,3.2907,0.114,1.0000
5580,1462763520,8196.8,3.2236,0.123,1.0000
5600,1468006400,8225.2,3.2319,0.121,1.0000
5620,1473249280,8253.5,3.2334,0.114,1.0000
5640,1478492160,8281.9,3.1689,0.119,1.0000
5660,1483735040,8310.2,3.2511,0.115,1.0000
5680,1488977920,8338.7,3.2840,0.112,1.0000
5700,1494220800,8366.9,3.2674,0.113,1.0000
5720,1499463680,8395.1,3.2507,0.115,1.0000
5740,1504706560,8423.4,3.2622,0.109,1.0000
5760,1509949440,8454.2,3.2332,0.112,1.0000
5780,1515192320,8482.4,3.2384,0.116,1.0000
5800,1520435200,8511.0,3.1837,0.117,1.0000
5820,1525678080,8539.4,3.2384,0.116,1.0000
5840,1530920960,8567.7,3.2230,0.125,1.0000
5860,1536163840,8596.0,3.2474,0.116,1.0000
5880,1541406720,8624.2,3.3268,0.119,1.0000
5900,1546649600,8652.5,3.2371,0.112,1.0000
5920,1551892480,8680.8,3.2228,0.110,1.0000
5940,1557135360,8709.0,3.2050,0.114,1.0000
5960,1562378240,8737.3,3.2237,0.132,1.0000
5980,1567621120,8765.5,3.2278,0.131,1.0000
6000,1572864000,8793.8,3.2551,0.116,1.0000
6020,1578106880,8824.8,3.2414,0.118,1.0000
6040,1583349760,8853.1,3.2777,0.112,1.0000
6060,1588592640,8881.7,3.2160,0.111,1.0000
6080,1593835520,8910.0,3.2538,0.114,1.0000
6100,1599078400,8938.6,3.1542,0.119,1.0000
6120,1604321280,8967.2,3.2272,0.120,1.0000
6140,1609564160,8995.8,3.2039,0.110,1.0000
6160,1614807040,9024.3,3.2215,0.113,1.0000
6180,1620049920,9052.8,3.2172,0.110,1.0000
6200,1625292800,9081.1,3.2170,0.132,1.0000
6220,1630535680,9109.6,3.1985,0.107,1.0000
6240,1635778560,9137.8,3.2510,0.120,1.0000
6260,1641021440,9168.0,3.2093,0.111,1.0000
6280,1646264320,9196.6,3.2432,0.117,1.0000
6300,1651507200,9224.8,3.2517,0.117,1.0000
6320,1656750080,9253.2,3.2510,0.113,1.0000
6340,1661992960,9281.5,3.2372,0.106,1.0000
6360,1667235840,9310.0,3.2299,0.109,1.0000
6380,1672478720,9338.3,3.2277,0.118,1.0000
6400,1677721600,9366.7,3.2772,0.115,1.0000
6420,1682964480,9394.9,3.2540,0.109,1.0000
6440,1688207360,9423.3,3.1812,0.107,1.0000
6460,1693450240,9451.6,3.2551,0.119,1.0000
6480,1698693120,9480.1,3.2478,0.113,1.0000
6500,1703936000,9508.5,3.1258,0.111,1.0000
6520,1709178880,9539.3,3.2303,0.113,1.0000
6540,1714421760,9567.8,3.2544,0.111,1.0000
6560,1719664640,9596.4,3.2151,0.109,1.0000
6580,1724907520,9624.9,3.2420,0.117,1.0000
6600,1730150400,9653.4,3.1965,0.109,1.0000
6620,1735393280,9682.2,3.1861,0.117,1.0000
6640,1740636160,9711.0,3.2160,0.114,1.0000
6660,1745879040,9739.5,3.1744,0.109,1.0000
6680,1751121920,9768.1,3.2087,0.108,1.0000
6700,1756364800,9796.7,3.2429,0.112,1.0000
6720,1761607680,9825.2,3.2253,0.108,1.0000
6740,1766850560,9853.5,3.2103,0.107,1.0000
6760,1772093440,9884.1,3.1088,0.113,1.0000
6780,1777336320,9912.6,3.1821,0.106,1.0000
6800,1782579200,9940.8,3.1714,0.120,1.0000
6820,1787822080,9969.2,3.1992,0.110,1.0000
6840,1793064960,9997.5,3.2033,0.114,1.0000
6860,1798307840,10025.7,3.1584,0.111,1.0000
6880,1803550720,10054.0,3.2261,0.111,1.0000
6900,1808793600,10082.3,3.2042,0.108,1.0000
6920,1814036480,10110.7,3.1760,0.107,1.0000
6940,1819279360,10139.0,3.1652,0.103,1.0000
6960,1824522240,10167.4,3.1936,0.109,1.0000
6980,1829765120,10195.9,3.1661,0.115,1.0000
7000,1835008000,10224.4,3.1980,0.106,1.0000
7020,1840250880,10255.5,3.1747,0.114,1.0000
7040,1845493760,10284.0,3.2043,0.108,1.0000
7060,1850736640,10312.9,3.2052,0.115,1.0000
7080,1855979520,10341.2,3.1675,0.102,1.0000
7100,1861222400,10369.6,3.1807,0.106,1.0000
7120,1866465280,10397.8,3.2023,0.113,1.0000
7140,1871708160,10426.1,3.2311,0.112,1.0000
7160,1876951040,10454.4,3.2675,0.111,1.0000
7180,1882193920,10482.7,3.1861,0.119,1.0000
7200,1887436800,10510.9,3.1618,0.106,1.0000
7220,1892679680,10539.2,3.2729,0.110,1.0000
7240,1897922560,10567.6,3.1628,0.105,1.0000
7260,1903165440,10598.0,3.2013,0.110,1.0000
7280,1908408320,10626.4,3.1661,0.108,1.0000
7300,1913651200,10654.6,3.1991,0.108,1.0000
7320,1918894080,10683.1,3.1751,0.109,1.0000
7340,1924136960,10711.6,3.1589,0.108,1.0000
7360,1929379840,10740.3,3.1142,0.105,1.0000
7380,1934622720,10768.8,3.1091,0.107,1.0000
7400,1939865600,10798.1,3.1868,0.110,1.0000
7420,1945108480,10826.6,3.1603,0.106,1.0000
7440,1950351360,10855.3,3.2361,0.108,1.0000
7460,1955594240,10883.5,3.1942,0.116,1.0000
7480,1960837120,10912.0,3.1566,0.108,1.0000
7500,1966080000,10940.3,3.1890,0.106,1.0000
7520,1971322880,10970.7,3.1498,0.109,1.0000
7540,1976565760,10999.0,3.1378,0.100,1.0000
7560,1981808640,11027.2,3.1866,0.111,1.0000
7580,1987051520,11055.5,3.2505,0.103,1.0000
7600,1992294400,11083.7,3.2344,0.105,1.0000
7620,1997537280,11112.0,3.2145,0.115,1.0000
7640,2002780160,11140.4,3.1049,0.108,1.0000
7660,2008023040,11168.7,3.0967,0.104,1.0000
7680,2013265920,11196.9,3.1732,0.100,1.0000
7700,2018508800,11225.2,3.1582,0.104,1.0000
7720,2023751680,11253.4,3.1976,0.104,1.0000
7740,2028994560,11281.6,3.1972,0.105,1.0000
7760,2034237440,11312.2,3.1703,0.108,1.0000
7780,2039480320,11340.5,3.1729,0.106,1.0000
7800,2044723200,11368.7,3.1423,0.105,1.0000
7820,2049966080,11397.0,3.1672,0.098,1.0000
7840,2055208960,11425.2,3.1472,0.109,1.0000
7860,2060451840,11453.5,3.1848,0.105,1.0000
7880,2065694720,11481.8,3.1755,0.109,1.0000
7900,2070937600,11510.3,3.1692,0.104,1.0000
7920,2076180480,11538.5,3.1745,0.108,1.0000
7940,2081423360,11566.8,3.1333,0.104,1.0000
7960,2086666240,11595.1,3.2124,0.100,1.0000
7980,2091909120,11623.6,3.1863,0.106,1.0000
8000,2097152000,11651.9,3.1296,0.104,1.0000
8020,2102394880,11682.3,3.1437,0.102,1.0000
8040,2107637760,11710.6,3.1240,0.107,1.0000
8060,2112880640,11738.9,3.1176,0.108,1.0000
8080,2118123520,11767.3,3.1344,0.105,1.0000
8100,2123366400,11795.6,3.1706,0.106,1.0000
8120,2128609280,11823.9,3.0967,0.104,1.0000
8140,2133852160,11852.4,3.2204,0.109,1.0000
8160,2139095040,11880.7,3.1197,0.103,1.0000
8180,2144337920,11909.0,3.1964,0.113,1.0000
8200,2149580800,11937.3,3.1576,0.099,1.0000
8220,2154823680,11965.6,3.1944,0.103,1.0000
8240,2160066560,11993.9,3.1809,0.114,1.0000
8260,2165309440,12024.8,3.2004,0.105,1.0000
8280,2170552320,12053.1,3.1765,0.102,1.0000
8300,2175795200,12081.3,3.2080,0.104,1.0000
8320,2181038080,12110.1,3.0896,0.107,1.0000
8340,2186280960,12138.4,3.1513,0.109,1.0000
8360,2191523840,12166.6,3.1390,0.100,1.0000
8380,2196766720,12194.9,3.1698,0.107,1.0000
8400,2202009600,12223.2,3.1064,0.108,1.0000
8420,2207252480,12251.4,3.1651,0.103,1.0000
8440,2212495360,12280.1,3.1390,0.105,1.0000
8460,2217738240,12308.5,3.1991,0.102,1.0000
8480,2222981120,12337.1,3.1982,0.102,1.0000
8500,2228224000,12365.4,3.1859,0.103,1.0000
8520,2233466880,12396.2,3.1738,0.101,1.0000
8540,2238709760,12424.5,3.0952,0.100,1.0000
8560,2243952640,12452.7,3.1779,0.104,1.0000
8580,2249195520,12481.0,3.1560,0.106,1.0000
8600,2254438400,12509.4,3.1242,0.103,1.0000
8620,2259681280,12537.6,3.1657,0.102,1.0000
8640,2264924160,12566.0,3.0635,0.098,1.0000
8660,2270167040,12594.3,3.1488,0.103,1.0000
8680,2275409920,12622.5,3.1298,0.101,1.0000
8700,2280652800,12650.8,3.1582,0.104,1.0000
8720,2285895680,12679.1,3.1653,0.106,1.0000
8740,2291138560,12707.6,3.1608,0.104,1.0000
8760,2296381440,12737.9,3.1294,0.102,1.0000
8780,2301624320,12766.2,3.1152,0.103,1.0000
8800,2306867200,12794.4,3.1183,0.100,1.0000
8820,2312110080,12822.7,3.1815,0.098,1.0000
8840,2317352960,12850.9,3.1922,0.099,1.0000
8860,2322595840,12879.2,3.1595,0.101,1.0000
8880,2327838720,12907.5,3.1736,0.097,1.0000
8900,2333081600,12935.7,3.1019,0.106,1.0000
8920,2338324480,12964.0,3.1624,0.102,1.0000
8940,2343567360,12992.2,3.1106,0.101,1.0000
8960,2348810240,13020.5,3.0892,0.103,1.0000
8980,2354053120,13048.9,3.1465,0.103,1.0000
9000,2359296000,13077.2,3.0262,0.101,1.0000
9020,2364538880,13107.7,3.1526,0.103,1.0000
9040,2369781760,13135.9,3.1535,0.099,1.0000
9060,2375024640,13164.2,3.0616,0.099,1.0000
9080,2380267520,13192.4,3.1690,0.100,1.0000
9100,2385510400,13220.6,3.1850,0.106,1.0000
9120,2390753280,13248.9,3.1250,0.107,1.0000
9140,2395996160,13277.1,3.1497,0.104,1.0000
9160,2401239040,13305.6,3.1818,0.101,1.0000
9180,2406481920,13333.9,3.1055,0.104,1.0000
9200,2411724800,13362.2,3.1921,0.105,1.0000
9220,2416967680,13390.6,3.1397,0.098,1.0000
9240,2422210560,13418.9,3.1566,0.105,1.0000
9260,2427453440,13449.7,3.2014,0.100,1.0000
9280,2432696320,13478.2,3.1076,0.098,1.0000
9300,2437939200,13506.5,3.1100,0.101,1.0000
9320,2443182080,13534.8,3.1323,0.102,1.0000
9340,2448424960,13563.0,3.1551,0.104,1.0000
9360,2453667840,13591.4,3.1514,0.105,1.0000
9380,2458910720,13619.6,3.1086,0.097,1.0000
9400,2464153600,13647.9,3.1600,0.101,1.0000
9420,2469396480,13676.1,3.1150,0.100,1.0000
9440,2474639360,13704.3,3.1621,0.098,1.0000
9460,2479882240,13732.5,3.1579,0.100,1.0000
9480,2485125120,13761.2,3.1408,0.102,1.0000
9500,2490368000,13789.4,3.1314,0.100,1.0000
9520,2495610880,13819.9,3.1153,0.103,1.0000
9540,2500853760,13848.1,3.1635,0.100,1.0000
9560,2506096640,13876.7,3.1054,0.099,1.0000
9580,2511339520,13905.2,3.0832,0.103,1.0000
9600,2516582400,13933.4,3.1591,0.100,1.0000
9620,2521825280,13961.7,3.1811,0.097,1.0000
9640,2527068160,13989.9,3.1533,0.101,1.0000
9660,2532311040,14018.1,3.1846,0.097,1.0000
9680,2537553920,14046.5,3.0943,0.102,1.0000
9700,2542796800,14075.0,3.1567,0.096,1.0000
9720,2548039680,14103.5,3.1071,0.098,1.0000
9740,2553282560,14131.8,3.1790,0.097,1.0000
9760,2558525440,14163.0,3.1327,0.101,1.0000
9780,2563768320,14191.3,3.1106,0.098,1.0000
9800,2569011200,14219.5,3.1142,0.093,1.0000
9820,2574254080,14247.9,3.1116,0.097,1.0000
9840,2579496960,14276.1,3.1430,0.099,1.0000
9860,2584739840,14304.6,3.1572,0.103,1.0000
9880,2589982720,14332.8,3.0938,0.094,1.0000
9900,2595225600,14361.3,3.0256,0.095,1.0000
9920,2600468480,14389.5,3.1457,0.100,1.0000
9940,2605711360,14418.0,3.1411,0.094,1.0000
9960,2610954240,14446.2,3.0828,0.095,1.0000
9980,2616197120,14474.7,3.1340,0.099,1.0000
10000,2621440000,14503.5,3.1542,0.096,1.0000
10020,2626682880,14534.3,3.1416,0.102,1.0000
10040,2631925760,14562.6,3.0977,0.101,1.0000
10060,2637168640,14591.1,3.1820,0.096,1.0000
10080,2642411520,14619.7,3.2181,0.097,1.0000
10100,2647654400,14648.3,3.1969,0.099,1.0000
10120,2652897280,14676.7,3.1555,0.101,1.0000
10140,2658140160,14705.0,3.1064,0.099,1.0000
10160,2663383040,14733.3,3.0870,0.097,1.0000
10180,2668625920,14761.7,3.1251,0.094,1.0000
10200,2673868800,14790.1,3.1598,0.095,1.0000
10220,2679111680,14818.6,3.1389,0.095,1.0000
10240,2684354560,14847.1,3.0983,0.093,1.0000
10260,2689597440,14877.6,3.1146,0.099,1.0000
10280,2694840320,14906.0,3.1593,0.097,1.0000
10300,2700083200,14934.3,3.1439,0.102,1.0000
10320,2705326080,14962.8,3.1366,0.098,1.0000
10340,2710568960,14991.0,3.2234,0.097,1.0000
10360,2715811840,15019.3,3.0960,0.091,1.0000
10380,2721054720,15047.6,3.1183,0.096,1.0000
10400,2726297600,15076.1,3.1393,0.096,1.0000
10420,2731540480,15104.8,3.1330,0.093,1.0000
10440,2736783360,15133.5,3.1066,0.095,1.0000
10460,2742026240,15161.7,3.1018,0.095,1.0000
10480,2747269120,15190.3,3.1659,0.095,1.0000
10500,2752512000,15218.5,3.0888,0.098,1.0000
10520,2757754880,15248.9,3.1667,0.096,1.0000
10540,2762997760,15277.1,3.1595,0.097,1.0000
10560,2768240640,15305.3,3.1459,0.094,1.0000
10580,2773483520,15333.6,3.1444,0.095,1.0000
10600,2778726400,15361.8,3.1125,0.100,1.0000
10620,2783969280,15390.1,3.1147,0.096,1.0000
10640,2789212160,15418.3,3.1724,0.105,1.0000
10660,2794455040,15446.6,3.1257,0.094,1.0000
10680,2799697920,15474.8,3.1155,0.097,1.0000
10700,2804940800,15503.1,3.0853,0.097,1.0000
10720,2810183680,15531.3,3.1162,0.098,1.0000
10740,2815426560,15559.6,3.1282,0.093,1.0000
10760,2820669440,15589.6,3.0678,0.092,1.0000
10780,2825912320,15617.9,3.0643,0.093,1.0000
10800,2831155200,15646.2,3.1299,0.098,1.0000
10820,2836398080,15674.6,3.1263,0.095,1.0000
10840,2841640960,15703.1,3.1067,0.100,1.0000
10860,2846883840,15731.6,3.1206,0.098,1.0000
10880,2852126720,15759.8,3.0778,0.095,1.0000
10900,2857369600,15788.3,3.0335,0.095,1.0000
10920,2862612480,15816.5,3.1305,0.094,1.0000
10940,2867855360,15845.0,3.1172,0.094,1.0000
10960,2873098240,15873.2,3.1841,0.094,1.0000
10980,2878341120,15901.7,3.0848,0.094,1.0000
11000,2883584000,15929.9,3.1521,0.094,1.0000
11020,2888826880,15961.4,3.1303,0.098,1.0000
11040,2894069760,15989.7,3.1017,0.096,1.0000
11060,2899312640,16018.1,3.0697,0.090,1.0000
11080,2904555520,16046.4,3.1574,0.091,1.0000
11100,2909798400,16074.7,3.1043,0.096,1.0000
11120,2915041280,16102.9,3.0800,0.095,1.0000
11140,2920284160,16131.4,3.1112,0.094,1.0000
11160,2925527040,16159.7,3.1690,0.095,1.0000
11180,2930769920,16187.9,3.1724,0.097,1.0000
11200,2936012800,16216.3,3.1194,0.093,1.0000
11220,2941255680,16244.8,3.1490,0.097,1.0000
11240,2946498560,16273.0,3.1095,0.091,1.0000
11260,2951741440,16303.4,3.1241,0.100,1.0000
11280,2956984320,16331.7,3.0504,0.094,1.0000
11300,2962227200,16359.9,3.1506,0.092,1.0000
11320,2967470080,16388.5,3.0674,0.092,1.0000
11340,2972712960,16416.7,3.0970,0.097,1.0000
11360,2977955840,16445.2,3.1400,0.097,1.0000
11380,2983198720,16473.5,3.1238,0.095,1.0000
11400,2988441600,16501.7,3.1018,0.094,1.0000
11420,2993684480,16529.9,3.1311,0.096,1.0000
11440,2998927360,16558.2,3.1242,0.091,1.0000
11460,3004170240,16586.4,3.1253,0.092,1.0000
11480,3009413120,16614.7,3.1533,0.094,1.0000
11500,3014656000,16642.9,3.1284,0.094,1.0000
11520,3019898880,16673.2,3.0483,0.092,1.0000
11540,3025141760,16701.5,3.1742,0.096,1.0000
11560,3030384640,16729.9,3.0673,0.091,1.0000
11580,3035627520,16758.2,3.0703,0.091,1.0000
11600,3040870400,16786.8,3.1745,0.095,1.0000
11620,3046113280,16815.7,3.1228,0.095,1.0000
11640,3051356160,16844.5,3.0924,0.089,1.0000
11660,3056599040,16873.3,3.1968,0.096,1.0000
11680,3061841920,16901.9,3.1458,0.094,1.0000
11700,3067084800,16930.1,3.0766,0.093,1.0000
11720,3072327680,16958.4,3.0929,0.089,1.0000
11740,3077570560,16986.6,3.1053,0.093,1.0000
11760,3082813440,17017.5,3.1125,0.093,1.0000
11780,3088056320,17046.0,3.1057,0.099,1.0000
11800,3093299200,17074.2,3.1092,0.096,1.0000
11820,3098542080,17102.7,3.1061,0.091,1.0000
11840,3103784960,17130.9,3.1121,0.092,1.0000
11860,3109027840,17159.2,3.0970,0.092,1.0000
11880,3114270720,17187.5,2.9769,0.095,1.0000
11900,3119513600,17215.7,3.0872,0.091,1.0000
11920,3124756480,17244.0,3.0757,0.089,1.0000
11940,3129999360,17272.2,3.0904,0.091,1.0000
11960,3135242240,17300.5,3.1961,0.095,1.0000
11980,3140485120,17328.8,3.1234,0.093,1.0000
12000,3145728000,17357.0,3.1891,0.090,1.0000
12020,3150970880,17387.6,3.0601,0.094,1.0000
12040,3156213760,17415.9,3.1102,0.097,1.0000
12060,3161456640,17444.1,3.0879,0.092,1.0000
12080,3166699520,17472.3,3.0615,0.098,1.0000
12100,3171942400,17500.9,3.0482,0.093,1.0000
12120,3177185280,17529.2,3.0223,0.092,1.0000
12140,3182428160,17557.6,3.1086,0.094,1.0000
12160,3187671040,17585.9,3.0577,0.091,1.0000
12180,3192913920,17614.3,3.1256,0.089,1.0000
12200,3198156800,17642.5,3.0908,0.091,1.0000
12220,3203399680,17670.8,3.0766,0.091,1.0000
12240,3208642560,17699.1,3.1594,0.089,1.0000
12260,3213885440,17729.3,3.1588,0.094,1.0000
12280,3219128320,17757.7,3.0573,0.094,1.0000
12300,3224371200,17785.9,3.1069,0.092,1.0000
12320,3229614080,17814.2,3.0822,0.091,1.0000
12340,3234856960,17842.5,3.1189,0.088,1.0000
12360,3240099840,17870.9,3.1036,0.097,1.0000
12380,3245342720,17899.3,3.0738,0.091,1.0000
12400,3250585600,17927.6,3.0875,0.094,1.0000
12420,3255828480,17955.8,3.1543,0.089,1.0000
12440,3261071360,17984.1,3.0997,0.091,1.0000
12460,3266314240,18012.3,3.0865,0.090,1.0000
12480,3271557120,18040.8,3.1401,0.092,1.0000
12500,3276800000,18069.1,3.1220,0.090,1.0000
12520,3282042880,18099.4,3.0491,0.093,1.0000
12540,3287285760,18127.6,3.1016,0.093,1.0000
12560,3292528640,18169.4,3.1349,0.090,1.0000
12580,3297771520,18212.6,3.0995,0.093,1.0000
12600,3303014400,18252.9,3.0877,0.098,1.0000
12620,3308257280,18291.1,3.1121,0.089,1.0000
12640,3313500160,18329.2,3.1043,0.088,1.0000
12660,3318743040,18366.6,3.0366,0.091,1.0000
12680,3323985920,18404.9,3.0453,0.091,1.0000
12700,3329228800,18441.8,3.1186,0.091,1.0000
12720,3334471680,18478.2,3.1184,0.088,1.0000
12740,3339714560,18513.2,3.1505,0.092,1.0000
12760,3344957440,18550.5,3.1143,0.095,1.0000
12780,3350200320,18584.7,3.1116,0.090,1.0000
12800,3355443200,18618.4,3.1133,0.089,1.0000
12820,3360686080,18652.3,3.0677,0.088,1.0000
12840,3365928960,18685.8,3.0500,0.092,1.0000
12860,3371171840,18719.2,3.0661,0.096,1.0000
12880,3376414720,18752.5,3.0614,0.091,1.0000
12900,3381657600,18785.0,3.1358,0.094,1.0000
12920,3386900480,18816.9,3.1283,0.095,1.0000
12940,3392143360,18849.2,3.1202,0.093,1.0000
12960,3397386240,18880.9,3.1215,0.092,1.0000
12980,3402629120,18912.2,3.1395,0.091,1.0000
13000,3407872000,18943.9,3.1226,0.091,1.0000
13020,3413114880,18977.4,3.0689,0.087,1.0000
13040,3418357760,19008.2,3.0397,0.094,1.0000
13060,3423600640,19039.2,3.0832,0.090,1.0000
13080,3428843520,19069.8,3.0523,0.097,1.0000
13100,3434086400,19100.1,3.0219,0.090,1.0000
13120,3439329280,19130.4,3.0792,0.088,1.0000
13140,3444572160,19160.7,3.0270,0.088,1.0000
13160,3449815040,19191.1,3.0799,0.090,1.0000
13180,3455057920,19220.9,3.0991,0.090,1.0000
13200,3460300800,19250.8,3.1186,0.088,1.0000
13220,3465543680,19280.7,3.0957,0.093,1.0000
13240,3470786560,19310.7,3.0729,0.089,1.0000
13260,3476029440,19342.6,3.0763,0.089,1.0000
13280,3481272320,19372.3,3.0643,0.091,1.0000
13300,3486515200,19402.2,3.1229,0.087,1.0000
13320,3491758080,19432.0,3.0725,0.090,1.0000
13340,3497000960,19461.6,3.0933,0.088,1.0000
13360,3502243840,19491.3,3.0685,0.093,1.0000
13380,3507486720,19520.9,3.1301,0.088,1.0000
13400,3512729600,19550.7,3.0366,0.091,1.0000
13420,3517972480,19579.9,3.0921,0.088,1.0000
13440,3523215360,19609.1,3.0408,0.091,1.0000
13460,3528458240,19638.5,3.0768,0.091,1.0000
13480,3533701120,19667.7,3.0302,0.093,1.0000
13500,3538944000,19696.9,3.0530,0.094,1.0000
13520,3544186880,19728.5,3.1515,0.088,1.0000
13540,3549429760,19757.6,3.0892,0.085,1.0000
13560,3554672640,19786.7,3.1195,0.094,1.0000
13580,3559915520,19815.5,3.1047,0.091,1.0000
13600,3565158400,19844.4,3.0804,0.088,1.0000
13620,3570401280,19873.3,3.0740,0.091,1.0000
13640,3575644160,19902.3,3.1161,0.090,1.0000
13660,3580887040,19931.7,3.0940,0.088,1.0000
13680,3586129920,19960.6,3.1360,0.092,1.0000
13700,3591372800,19989.4,3.0759,0.088,1.0000
13720,3596615680,20018.3,3.0469,0.090,1.0000
13740,3601858560,20046.9,3.0724,0.088,1.0000
13760,3607101440,20077.8,3.0984,0.093,1.0000
13780,3612344320,20106.9,3.1101,0.090,1.0000
13800,3617587200,20135.5,3.0813,0.087,1.0000
13820,3622830080,20164.2,3.0961,0.090,1.0000
13840,3628072960,20192.7,3.0757,0.089,1.0000
13860,3633315840,20221.3,3.0223,0.090,1.0000
13880,3638558720,20249.9,3.0913,0.093,1.0000
13900,3643801600,20278.4,3.1170,0.087,1.0000
13920,3649044480,20307.0,3.1227,0.090,1.0000
13940,3654287360,20335.9,3.0312,0.086,1.0000
13960,3659530240,20364.4,3.1276,0.089,1.0000
13980,3664773120,20393.1,3.0937,0.085,1.0000
14000,3670016000,20421.6,3.0971,0.089,1.0000
14020,3675258880,20452.3,3.0923,0.086,1.0000
14040,3680501760,20480.7,3.0497,0.090,1.0000
14060,3685744640,20509.4,3.0656,0.089,1.0000
14080,3690987520,20538.0,3.0461,0.175,1.0000
14100,3696230400,20566.5,3.0976,0.089,1.0000
14120,3701473280,20594.9,3.0646,0.091,1.0000
14140,3706716160,20623.3,3.0273,0.090,1.0000
14160,3711959040,20651.7,3.0743,0.086,1.0000
14180,3717201920,20680.4,3.0257,0.086,1.0000
14200,3722444800,20709.1,3.0953,0.088,1.0000
14220,3727687680,20737.6,3.0882,0.088,1.0000
14240,3732930560,20765.9,3.1194,0.089,1.0000
14260,3738173440,20796.6,3.1170,0.088,1.0000
14280,3743416320,20825.3,3.0644,0.088,1.0000
14300,3748659200,20853.7,2.9992,0.091,1.0000
14320,3753902080,20882.2,3.0757,0.089,1.0000
14340,3759144960,20910.6,3.0918,0.083,1.0000
14360,3764387840,20939.2,3.0386,0.087,1.0000
14380,3769630720,20967.6,3.0468,0.086,1.0000
14400,3774873600,20996.0,3.0713,0.088,1.0000
14420,3780116480,21024.3,3.0248,0.090,1.0000
14440,3785359360,21052.7,3.0425,0.087,1.0000
14460,3790602240,21081.1,3.0491,0.093,1.0000
14480,3795845120,21109.5,3.0884,0.088,1.0000
14500,3801088000,21137.8,3.0891,0.087,1.0000
14520,3806330880,21168.6,3.0974,0.091,1.0000
14540,3811573760,21196.9,3.0805,0.084,1.0000
14560,3816816640,21225.4,3.0497,0.090,1.0000
14580,3822059520,21253.7,3.1112,0.088,1.0000
14600,3827302400,21282.3,3.0423,0.090,1.0000
14620,3832545280,21310.7,3.0912,0.092,1.0000
14640,3837788160,21339.0,3.0762,0.088,1.0000
14660,3843031040,21367.3,3.1111,0.086,1.0000
14680,3848273920,21395.8,3.0586,0.086,1.0000
14700,3853516800,21424.2,3.0716,0.089,1.0000
14720,3858759680,21452.6,3.0491,0.092,1.0000
14740,3864002560,21480.9,2.9701,0.087,1.0000
14760,3869245440,21511.3,3.0839,0.088,1.0000
14780,3874488320,21539.8,3.0765,0.088,1.0000
14800,3879731200,21568.1,3.0532,0.084,1.0000
14820,3884974080,21596.6,3.0273,0.088,1.0000
14840,3890216960,21624.9,2.9934,0.088,1.0000
14860,3895459840,21653.2,3.1101,0.085,1.0000
14880,3900702720,21681.5,3.1049,0.088,1.0000
14900,3905945600,21709.9,3.0202,0.086,1.0000
14920,3911188480,21738.1,3.0230,0.088,1.0000
14940,3916431360,21766.4,3.0769,0.089,1.0000
14960,3921674240,21794.7,3.0477,0.090,1.0000
14980,3926917120,21822.9,3.0901,0.086,1.0000
15000,3932160000,21851.3,3.1019,0.088,1.0000
15020,3937402880,21881.7,3.1051,0.091,1.0000
15040,3942645760,21910.0,3.0750,0.088,1.0000
15060,3947888640,21938.3,3.0695,0.090,1.0000
15080,3953131520,21966.6,2.9836,0.086,1.0000
15100,3958374400,21995.2,3.0706,0.086,1.0000
15120,3963617280,22023.5,3.0930,0.085,1.0000
15140,3968860160,22051.8,3.1379,0.091,1.0000
15160,3974103040,22080.1,3.0091,0.089,1.0000
15180,3979345920,22112.4,3.0786,0.089,1.0000
15200,3984588800,22140.7,3.0598,0.083,1.0000
15220,3989831680,22168.9,3.0768,0.086,1.0000
15240,3995074560,22197.3,3.0386,0.089,1.0000
15260,4000317440,22227.9,3.1090,0.090,1.0000
15280,4005560320,22256.6,3.0398,0.084,1.0000
15300,4010803200,22284.9,3.0596,0.086,1.0000
15320,4016046080,22313.3,3.0585,0.085,1.0000
15340,4021288960,22341.6,3.0687,0.091,1.0000
15360,4026531840,22369.9,3.0785,0.083,1.0000
15380,4031774720,22398.2,3.0558,0.087,1.0000
15400,4037017600,22426.5,3.0838,0.087,1.0000
15420,4042260480,22454.7,3.0546,0.084,1.0000
15440,4047503360,22483.3,3.0919,0.089,1.0000
15460,4052746240,22511.6,3.0371,0.087,1.0000
15480,4057989120,22540.3,3.0768,0.086,1.0000
15500,4063232000,22568.5,3.0599,0.086,1.0000
15520,4068474880,22598.8,3.0772,0.088,1.0000
15540,4073717760,22627.1,3.0370,0.090,1.0000
15560,4078960640,22655.7,3.0714,0.088,1.0000
15580,4084203520,22684.0,3.0618,0.088,1.0000
15600,4089446400,22712.3,3.0770,0.086,1.0000
15620,4094689280,22740.6,3.0506,0.087,1.0000
15640,4099932160,22768.9,3.1172,0.086,1.0000
15660,4105175040,22797.1,3.0587,0.083,1.0000
15680,4110417920,22825.7,3.0507,0.089,1.0000
15700,4115660800,22853.9,3.0263,0.087,1.0000
15720,4120903680,22882.2,3.0790,0.086,1.0000
15740,4126146560,22910.4,3.0576,0.083,1.0000
15760,4131389440,22940.7,3.0590,0.086,1.0000
15780,4136632320,22969.2,3.0742,0.084,1.0000
15800,4141875200,22997.4,3.0746,0.086,1.0000
15820,4147118080,23026.2,3.0467,0.083,1.0000
15840,4152360960,23054.5,3.0273,0.088,1.0000
15860,4157603840,23083.1,3.0636,0.085,1.0000
15880,4162846720,23111.4,3.1263,0.092,1.0000
15900,4168089600,23140.4,3.0734,0.083,1.0000
15920,4173332480,23168.7,3.0201,0.087,1.0000
15940,4178575360,23198.0,3.0988,0.093,1.0000
15960,4183818240,23226.5,3.0684,0.084,1.0000
15980,4189061120,23255.2,3.0574,0.085,1.0000
16000,4194304000,23283.5,3.0683,0.085,1.0000
16020,4199546880,23320.4,3.0295,0.084,1.0000
16040,4204789760,23348.6,3.0178,0.084,1.0000
16060,4210032640,23376.9,3.0126,0.086,1.0000
16080,4215275520,23405.2,3.0338,0.085,1.0000
16100,4220518400,23433.5,3.0347,0.084,1.0000
16120,4225761280,23461.8,3.0188,0.086,1.0000
16140,4231004160,23490.0,3.0794,0.084,1.0000
16160,4236247040,23518.3,3.1314,0.086,1.0000
16180,4241489920,23546.5,2.9871,0.084,1.0000
16200,4246732800,23574.7,3.1137,0.091,1.0000
16220,4251975680,23603.2,3.0955,0.090,1.0000
16240,4257218560,23631.4,3.0449,0.086,1.0000
16260,4262461440,23661.8,3.0537,0.085,1.0000
16280,4267704320,23690.5,3.1270,0.085,1.0000
16300,4272947200,23718.7,3.0810,0.086,1.0000
16320,4278190080,23747.1,3.0505,0.087,1.0000
16340,4283432960,23775.4,3.0448,0.084,1.0000
16360,4288675840,23803.6,3.0985,0.089,1.0000
16380,4293918720,23831.8,3.0816,0.085,1.0000
16400,4299161600,23860.3,3.0446,0.085,1.0000
16420,4304404480,23888.6,3.0650,0.085,1.0000
16440,4309647360,23917.0,3.1082,0.084,1.0000
16460,4314890240,23945.3,3.0584,0.084,1.0000
16480,4320133120,23973.5,3.1016,0.087,1.0000
16500,4325376000,24001.8,2.9920,0.087,1.0000
16520,4330618880,24032.0,3.0707,0.091,1.0000
16540,4335861760,24060.3,3.0702,0.084,1.0000
16560,4341104640,24088.5,3.0425,0.083,1.0000
16580,4346347520,24116.8,3.0039,0.081,1.0000
16600,4351590400,24145.1,3.0732,0.084,1.0000
16620,4356833280,24173.4,3.0899,0.085,1.0000
16640,4362076160,24201.6,3.0643,0.085,1.0000
16660,4367319040,24229.9,3.0708,0.086,1.0000
16680,4372561920,24258.3,3.0929,0.085,1.0000
16700,4377804800,24286.9,3.0524,0.084,1.0000
16720,4383047680,24315.5,3.0294,0.084,1.0000
16740,4388290560,24343.8,3.0096,0.085,1.0000
16760,4393533440,24373.9,3.0463,0.083,1.0000
16780,4398776320,24402.2,3.0629,0.091,1.0000
16800,4404019200,24430.4,3.0248,0.086,1.0000
16820,4409262080,24459.0,3.0783,0.082,1.0000
16840,4414504960,24487.3,3.0402,0.082,1.0000
16860,4419747840,24515.6,3.0561,0.084,1.0000
16880,4424990720,24543.8,3.0781,0.083,1.0000
16900,4430233600,24572.1,3.0892,0.090,1.0000
16920,4435476480,24600.4,3.1313,0.085,1.0000
16940,4440719360,24628.7,3.0698,0.081,1.0000
16960,4445962240,24656.9,3.0255,0.082,1.0000
16980,4451205120,24685.4,3.1206,0.083,1.0000
17000,4456448000,24713.6,3.0487,0.088,1.0000
17020,4461690880,24744.4,3.0328,0.085,1.0000
17040,4466933760,24772.7,3.0925,0.085,1.0000
17060,4472176640,24801.2,3.0949,0.084,1.0000
17080,4477419520,24829.4,3.0617,0.085,1.0000
17100,4482662400,24857.8,3.0824,0.086,1.0000
17120,4487905280,24886.3,2.9985,0.081,1.0000
17140,4493148160,24914.8,3.0698,0.086,1.0000
17160,4498391040,24943.1,3.1118,0.085,1.0000
17180,4503633920,24971.3,3.0609,0.085,1.0000
17200,4508876800,24999.6,3.1010,0.085,1.0000
17220,4514119680,25028.1,3.0350,0.084,1.0000
17240,4519362560,25056.4,3.0230,0.091,1.0000
17260,4524605440,25086.6,3.0708,0.084,1.0000
17280,4529848320,25115.1,2.9831,0.083,1.0000
17300,4535091200,25143.6,3.0938,0.085,1.0000
17320,4540334080,25171.8,3.0788,0.082,1.0000
17340,4545576960,25200.1,3.0040,0.085,1.0000
17360,4550819840,25228.4,3.0563,0.082,1.0000
17380,4556062720,25256.6,3.0014,0.084,1.0000
17400,4561305600,25284.9,3.0074,0.083,1.0000
17420,4566548480,25313.1,3.0453,0.089,1.0000
17440,4571791360,25341.7,3.0050,0.085,1.0000
17460,4577034240,25370.0,3.0112,0.082,1.0000
17480,4582277120,25398.2,3.0860,0.083,1.0000
17500,4587520000,25426.5,3.0481,0.080,1.0000
17520,4592762880,25456.8,3.0786,0.086,1.0000
17540,4598005760,25485.3,3.0457,0.086,1.0000
17560,4603248640,25513.5,3.0511,0.085,1.0000
17580,4608491520,25541.8,3.0428,0.085,1.0000
17600,4613734400,25570.3,3.0570,0.084,1.0000
17620,4618977280,25598.6,3.0580,0.082,1.0000
17640,4624220160,25627.0,3.0800,0.083,1.0000
17660,4629463040,25655.3,3.0849,0.082,1.0000
17680,4634705920,25683.7,3.1012,0.084,1.0000
17700,4639948800,25712.0,2.9844,0.083,1.0000
17720,4645191680,25740.3,3.0442,0.078,1.0000
17740,4650434560,25768.6,3.0976,0.081,1.0000
17760,4655677440,25799.0,3.0302,0.079,1.0000
17780,4660920320,25827.3,3.0281,0.082,1.0000
17800,4666163200,25855.6,3.0667,0.082,1.0000
17820,4671406080,25883.8,3.0274,0.083,1.0000
17840,4676648960,25912.1,3.0702,0.084,1.0000
17860,4681891840,25940.6,3.0145,0.080,1.0000
17880,4687134720,25968.8,3.0573,0.084,1.0000
17900,4692377600,25997.4,3.0284,0.085,1.0000
17920,4697620480,26025.7,3.0635,0.078,1.0000
17940,4702863360,26053.9,3.0001,0.084,1.0000
17960,4708106240,26082.4,2.9492,0.085,1.0000
17980,4713349120,26110.7,3.0252,0.081,1.0000
18000,4718592000,26138.9,3.0229,0.084,1.0000
18020,4723834880,26169.2,3.0275,0.081,1.0000
18040,4729077760,26197.5,3.0212,0.084,1.0000
18060,4734320640,26225.7,3.0207,0.084,1.0000
18080,4739563520,26254.0,3.0892,0.079,1.0000
18100,4744806400,26282.3,3.0751,0.081,1.0000
18120,4750049280,26310.5,3.0320,0.085,1.0000
18140,4755292160,26338.8,2.9642,0.084,1.0000
18160,4760535040,26367.0,3.0347,0.082,1.0000
18180,4765777920,26395.3,3.0988,0.083,1.0000
18200,4771020800,26423.6,2.9913,0.083,1.0000
18220,4776263680,26452.2,3.0956,0.082,1.0000
18240,4781506560,26480.4,3.0600,0.088,1.0000
18260,4786749440,26510.5,3.0969,0.086,1.0000
18280,4791992320,26538.8,3.0851,0.082,1.0000
18300,4797235200,26567.1,2.9511,0.080,1.0000
18320,4802478080,26595.6,2.9997,0.087,1.0000
18340,4807720960,26623.9,3.0986,0.087,1.0000
18360,4812963840,26652.3,3.0472,0.079,1.0000
18380,4818206720,26680.8,2.9933,0.080,1.0000
18400,4823449600,26709.2,3.0419,0.083,1.0000
18420,4828692480,26737.5,3.1095,0.084,1.0000
18440,4833935360,26765.7,3.0379,0.081,1.0000
18460,4839178240,26793.9,3.0888,0.082,1.0000
18480,4844421120,26822.4,3.0111,0.084,1.0000
18500,4849664000,26850.6,3.0279,0.083,1.0000
18520,4854906880,26880.7,3.0666,0.080,1.0000
18540,4860149760,26909.0,3.0645,0.079,1.0000
18560,4865392640,26937.3,2.9957,0.086,1.0000
18580,4870635520,26965.6,3.0608,0.081,1.0000
18600,4875878400,26994.0,3.0352,0.080,1.0000
18620,4881121280,27022.3,3.0782,0.081,1.0000
18640,4886364160,27050.5,3.0145,0.081,1.0000
18660,4891607040,27078.8,3.0459,0.080,1.0000
18680,4896849920,27107.3,3.0908,0.085,1.0000
18700,4902092800,27135.6,3.0382,0.082,1.0000
18720,4907335680,27164.1,2.9986,0.080,1.0000
18740,4912578560,27192.3,3.0488,0.081,1.0000
18760,4917821440,27222.7,3.0330,0.081,1.0000
18780,4923064320,27251.0,2.9949,0.080,1.0000
18800,4928307200,27279.5,3.0473,0.085,1.0000
18820,4933550080,27307.9,3.0408,0.082,1.0000
18840,4938792960,27336.2,3.0859,0.084,1.0000
18860,4944035840,27364.5,3.0023,0.078,1.0000
18880,4949278720,27392.8,3.0562,0.082,1.0000
18900,4954521600,27421.5,2.9782,0.085,1.0000
18920,4959764480,27449.7,3.0504,0.081,1.0000
18940,4965007360,27478.3,3.0889,0.080,1.0000
18960,4970250240,27506.5,3.0407,0.083,1.0000
18980,4975493120,27534.8,3.0189,0.083,1.0000
19000,4980736000,27563.0,3.0409,0.078,1.0000
19020,4985978880,27593.7,3.0474,0.083,1.0000
19040,4991221760,27622.0,2.9905,0.083,1.0000
19060,4996464640,27650.4,3.0254,0.082,1.0000
19080,5001707520,27678.7,2.9673,0.082,1.0000
19100,5006950400,27707.0,3.0944,0.084,1.0000
19120,5012193280,27735.3,3.0386,0.081,1.0000
19140,5017436160,27763.5,3.0539,0.080,1.0000
19160,5022679040,27791.8,3.0673,0.080,1.0000
19180,5027921920,27820.0,3.1153,0.083,1.0000
19200,5033164800,27848.3,3.0560,0.081,1.0000
19220,5038407680,27877.0,3.0622,0.081,1.0000
19240,5043650560,27905.3,3.0904,0.081,1.0000
19260,5048893440,27935.8,2.9988,0.081,1.0000
19280,5054136320,27964.5,2.9304,0.078,1.0000
19300,5059379200,27992.8,3.0194,0.083,1.0000
19320,5064622080,28021.0,2.9879,0.077,1.0000
19340,5069864960,28049.2,3.0467,0.089,1.0000
19360,5075107840,28077.6,3.0330,0.084,1.0000
19380,5080350720,28105.8,3.0478,0.078,1.0000
19400,5085593600,28134.1,3.0051,0.080,1.0000
19420,5090836480,28162.3,3.0538,0.080,1.0000
19440,5096079360,28190.7,3.0402,0.082,1.0000
19460,5101322240,28219.0,3.0435,0.086,1.0000
19480,5106565120,28247.4,2.9719,0.082,1.0000
19500,5111808000,28275.7,3.0403,0.079,1.0000
19520,5117050880,28306.3,3.0671,0.083,1.0000
19540,5122293760,28334.6,3.0491,0.083,1.0000
19560,5127536640,28362.9,3.1208,0.084,1.0000
19580,5132779520,28391.2,3.0719,0.085,1.0000
19600,5138022400,28419.6,3.0515,0.080,1.0000
19620,5143265280,28447.9,2.9455,0.080,1.0000
19640,5148508160,28476.6,3.0676,0.080,1.0000
19660,5153751040,28504.9,3.0699,0.083,1.0000
19680,5158993920,28533.3,3.0783,0.084,1.0000
19700,5164236800,28561.6,3.0462,0.079,1.0000
19720,5169479680,28590.0,3.0078,0.080,1.0000
19740,5174722560,28618.2,3.0426,0.080,1.0000
19760,5179965440,28648.7,3.0656,0.080,1.0000
19780,5185208320,28677.1,3.0046,0.080,1.0000
19800,5190451200,28705.4,3.0317,0.083,1.0000
19820,5195694080,28733.8,3.0869,0.083,1.0000
19840,5200936960,28762.0,3.0460,0.081,1.0000
19860,5206179840,28790.7,3.0055,0.083,1.0000
19880,5211422720,28819.0,3.1039,0.082,1.0000
19900,5216665600,28847.3,3.0589,0.081,1.0000
19920,5221908480,28875.6,3.0750,0.080,1.0000
19940,5227151360,28904.1,3.0371,0.084,1.0000
19960,5232394240,28932.3,3.0347,0.081,1.0000
19980,5237637120,28960.8,3.0846,0.078,1.0000
20000,5242880000,28989.1,2.9792,0.077,1.0000
20020,5248122880,29019.3,2.9680,0.079,1.0000
20040,5253365760,29047.5,3.0932,0.079,1.0000
20060,5258608640,29076.1,2.9619,0.081,1.0000
20080,5263851520,29104.4,3.0534,0.079,1.0000
20100,5269094400,29132.6,3.0584,0.079,1.0000
20120,5274337280,29160.8,2.9740,0.079,1.0000
20140,5279580160,29189.1,3.0170,0.077,1.0000
20160,5284823040,29217.3,3.1188,0.079,1.0000
20180,5290065920,29245.6,3.0375,0.078,1.0000
20200,5295308800,29273.9,3.0742,0.081,1.0000
20220,5300551680,29302.2,3.0364,0.080,1.0000
20240,5305794560,29330.5,3.0455,0.082,1.0000
20260,5311037440,29360.7,3.0206,0.079,1.0000
20280,5316280320,29389.0,3.0223,0.079,1.0000
20300,5321523200,29417.2,3.0547,0.081,1.0000
20320,5326766080,29445.5,3.0547,0.080,1.0000
20340,5332008960,29473.7,3.0255,0.080,1.0000
20360,5337251840,29502.0,3.0519,0.080,1.0000
20380,5342494720,29530.3,3.0282,0.080,1.0000
20400,5347737600,29558.5,3.0087,0.077,1.0000
20420,5352980480,29587.6,3.0151,0.084,1.0000
20440,5358223360,29616.1,3.0384,0.078,1.0000
20460,5363466240,29644.3,3.0098,0.080,1.0000
20480,5368709120,29673.0,3.0016,0.081,1.0000
20500,5373952000,29701.3,2.9662,0.080,1.0000
20520,5379194880,29732.1,3.1208,0.079,1.0000
20540,5384437760,29760.4,3.0290,0.077,1.0000
20560,5389680640,29788.6,3.0062,0.078,1.0000
20580,5394923520,29816.9,3.0138,0.081,1.0000
20600,5400166400,29845.3,2.9967,0.081,1.0000
20620,5405409280,29873.6,3.0059,0.080,1.0000
20640,5410652160,29902.1,2.9619,0.079,1.0000
20660,5415895040,29930.5,3.0245,0.080,1.0000
20680,5421137920,29959.2,3.0340,0.080,1.0000
20700,5426380800,29987.8,3.0410,0.080,1.0000
20720,5431623680,30016.5,2.9279,0.080,1.0000
20740,5436866560,30045.1,3.0631,0.080,1.0000
20760,5442109440,30076.3,3.0801,0.084,1.0000
20780,5447352320,30104.9,3.0383,0.082,1.0000
20800,5452595200,30133.3,3.0323,0.080,1.0000
20820,5457838080,30162.3,3.0999,0.079,1.0000
20840,5463080960,30190.7,2.9684,0.080,1.0000
20860,5468323840,30219.4,3.0931,0.079,1.0000
20880,5473566720,30247.8,3.0384,0.083,1.0000
20900,5478809600,30276.7,2.9739,0.079,1.0000
20920,5484052480,30305.2,3.0057,0.081,1.0000
20940,5489295360,30333.7,2.9731,0.084,1.0000
20960,5494538240,30362.2,3.0493,0.077,1.0000
20980,5499781120,30390.7,3.0170,0.081,1.0000
21000,5505024000,30419.1,3.0380,0.080,1.0000
21020,5510266880,30449.6,3.0649,0.080,1.0000
21040,5515509760,30478.0,3.0521,0.077,1.0000
21060,5520752640,30506.6,3.0087,0.079,1.0000
21080,5525995520,30535.0,2.9840,0.083,1.0000
21100,5531238400,30563.5,2.9797,0.080,1.0000
21120,5536481280,30591.9,3.0121,0.081,1.0000
21140,5541724160,30620.3,3.0837,0.079,1.0000
21160,5546967040,30648.9,3.0087,0.078,1.0000
21180,5552209920,30677.4,3.0782,0.079,1.0000
21200,5557452800,30705.8,3.0359,0.076,1.0000
21220,5562695680,30734.2,3.1073,0.078,1.0000
21240,5567938560,30762.6,2.9626,0.080,1.0000
21260,5573181440,30793.4,2.9816,0.081,1.0000
21280,5578424320,30821.9,3.1057,0.080,1.0000
21300,5583667200,30850.3,3.0459,0.077,1.0000
21320,5588910080,30879.2,2.9820,0.077,1.0000
21340,5594152960,30907.7,3.0159,0.080,1.0000
21360,5599395840,30936.3,3.0862,0.078,1.0000
21380,5604638720,30964.9,3.0445,0.078,1.0000
21400,5609881600,30993.6,3.0895,0.079,1.0000
21420,5615124480,31022.0,3.0341,0.077,1.0000
21440,5620367360,31050.6,3.0334,0.078,1.0000
21460,5625610240,31079.0,3.0216,0.076,1.0000
21480,5630853120,31107.5,3.0532,0.081,1.0000
21500,5636096000,31136.0,3.0329,0.082,1.0000
21520,5641338880,31166.4,3.0073,0.079,1.0000
21540,5646581760,31195.1,2.9576,0.077,1.0000
21560,5651824640,31223.7,2.9736,0.079,1.0000
21580,5657067520,31252.1,3.0046,0.080,1.0000
21600,5662310400,31280.8,3.0380,0.077,1.0000
21620,5667553280,31309.2,2.9746,0.079,1.0000
21640,5672796160,31337.7,3.0406,0.078,1.0000
21660,5678039040,31366.1,2.9795,0.081,1.0000
21680,5683281920,31394.6,3.0003,0.078,1.0000
21700,5688524800,31423.1,3.0437,0.075,1.0000
21720,5693767680,31451.6,3.0195,0.080,1.0000
21740,5699010560,31480.3,3.0457,0.078,1.0000
21760,5704253440,31510.7,3.0611,0.079,1.0000
21780,5709496320,31539.1,3.0606,0.080,1.0000
21800,5714739200,31567.6,3.0559,0.078,1.0000
21820,5719982080,31596.3,3.0224,0.079,1.0000
21840,5725224960,31624.7,3.0680,0.076,1.0000
21860,5730467840,31653.5,3.0679,0.080,1.0000
21880,5735710720,31681.9,3.0363,0.079,1.0000
21900,5740953600,31710.6,3.0444,0.081,1.0000
21920,5746196480,31739.1,2.9486,0.079,1.0000
21940,5751439360,31767.6,3.0387,0.079,1.0000
21960,5756682240,31796.0,2.9796,0.078,1.0000
21980,5761925120,31824.4,2.9722,0.075,1.0000
22000,5767168000,31852.9,2.9945,0.078,1.0000
22020,5772410880,31883.3,3.0418,0.077,1.0000
22040,5777653760,31911.9,3.0381,0.077,1.0000
22060,5782896640,31940.5,3.0231,0.076,1.0000
22080,5788139520,31968.9,2.9911,0.075,1.0000
22100,5793382400,31997.5,2.9621,0.080,1.0000
22120,5798625280,32025.9,3.0657,0.082,1.0000
22140,5803868160,32054.4,2.9932,0.077,1.0000
22160,5809111040,32083.3,3.0493,0.080,1.0000
22180,5814353920,32111.8,3.0371,0.076,1.0000
22200,5819596800,32140.3,3.0858,0.077,1.0000
22220,5824839680,32168.8,3.0380,0.081,1.0000
22240,5830082560,32197.2,2.9978,0.080,1.0000
22260,5835325440,32227.9,3.0833,0.078,1.0000
22280,5840568320,32256.3,3.0472,0.078,1.0000
22300,5845811200,32284.7,2.9222,0.077,1.0000
22320,5851054080,32313.2,3.0629,0.077,1.0000
22340,5856296960,32341.6,3.0265,0.083,1.0000
22360,5861539840,32370.1,3.0173,0.076,1.0000
22380,5866782720,32398.6,3.0952,0.080,1.0000
22400,5872025600,32427.2,3.0010,0.078,1.0000
22420,5877268480,32455.7,2.9684,0.077,1.0000
22440,5882511360,32484.3,3.0101,0.082,1.0000
22460,5887754240,32512.7,2.9573,0.076,1.0000
22480,5892997120,32541.2,3.0589,0.079,1.0000
22500,5898240000,32569.7,2.9950,0.078,1.0000
22520,5903482880,32600.4,3.0529,0.078,1.0000
22540,5908725760,32628.8,3.0077,0.075,1.0000
22560,5913968640,32657.5,2.9446,0.076,1.0000
22580,5919211520,32686.2,3.0626,0.081,1.0000
22600,5924454400,32714.8,2.9180,0.080,1.0000
22620,5929697280,32743.2,3.0589,0.080,1.0000
22640,5934940160,32771.7,3.0154,0.077,1.0000
22660,5940183040,32800.2,2.9726,0.079,1.0000
22680,5945425920,32828.6,2.9942,0.077,1.0000
22700,5950668800,32857.0,3.0525,0.074,1.0000
22720,5955911680,32885.5,3.0321,0.075,1.0000
22740,5961154560,32913.9,2.9939,0.077,1.0000
22760,5966397440,32945.0,2.9940,0.079,1.0000
22780,5971640320,32973.5,3.0170,0.078,1.0000
22800,5976883200,33001.9,3.0205,0.091,1.0000
22820,5982126080,33030.5,2.9634,0.077,1.0000
22840,5987368960,33059.0,3.0497,0.078,1.0000
22860,5992611840,33087.6,2.9890,0.081,1.0000
22880,5997854720,33116.0,3.0337,0.078,1.0000
22900,6003097600,33144.4,3.0410,0.077,1.0000
22920,6008340480,33172.9,3.0405,0.076,1.0000
22940,6013583360,33201.5,3.0337,0.077,1.0000
22960,6018826240,33229.9,3.0380,0.077,1.0000
22980,6024069120,33258.4,3.0082,0.077,1.0000
23000,6029312000,33287.0,2.9382,0.079,1.0000
23020,6034554880,33317.9,3.0473,0.077,1.0000
23040,6039797760,33346.5,3.0198,0.078,1.0000
23060,6045040640,33374.9,3.0619,0.075,1.0000
23080,6050283520,33403.4,3.0545,0.076,1.0000
23100,6055526400,33432.0,2.9985,0.081,1.0000
23120,6060769280,33460.5,2.9908,0.078,1.0000
23140,6066012160,33489.0,2.9748,0.078,1.0000
23160,6071255040,33517.5,3.0599,0.077,1.0000
23180,6076497920,33545.9,3.0172,0.081,1.0000
23200,6081740800,33574.4,3.0796,0.076,1.0000
23220,6086983680,33602.9,3.0015,0.076,1.0000
23240,6092226560,33631.3,3.0243,0.076,1.0000
23260,6097469440,33662.8,3.0158,0.079,1.0000
23280,6102712320,33691.4,3.0207,0.077,1.0000
23300,6107955200,33719.8,3.0151,0.084,1.0000
23320,6113198080,33748.2,3.0378,0.082,1.0000
23340,6118440960,33776.6,3.0592,0.076,1.0000
23360,6123683840,33805.1,2.9867,0.075,1.0000
23380,6128926720,33833.6,2.9621,0.079,1.0000
23400,6134169600,33862.3,3.0683,0.084,1.0000
23420,6139412480,33891.0,3.0442,0.077,1.0000
23440,6144655360,33919.4,3.0194,0.077,1.0000
23460,6149898240,33947.8,2.9498,0.079,1.0000
23480,6155141120,33976.3,3.0365,0.076,1.0000
23500,6160384000,34004.8,3.0628,0.077,1.0000
23520,6165626880,34035.8,3.0771,0.079,1.0000
23540,6170869760,34064.2,2.9922,0.073,1.0000
23560,6176112640,34092.7,3.0227,0.077,1.0000
23580,6181355520,34121.2,3.0183,0.078,1.0000
23600,6186598400,34150.0,3.0444,0.075,1.0000
23620,6191841280,34178.4,3.0390,0.081,1.0000
23640,6197084160,34207.0,3.0474,0.076,1.0000
23660,6202327040,34235.4,3.0513,0.075,1.0000
23680,6207569920,34264.2,3.0075,0.075,1.0000
23700,6212812800,34292.8,3.0913,0.074,1.0000
23720,6218055680,34321.2,3.0325,0.078,1.0000
23740,6223298560,34349.6,2.9948,0.078,1.0000
23760,6228541440,34380.7,3.0501,0.080,1.0000
23780,6233784320,34409.1,3.0018,0.077,1.0000
23800,6239027200,34437.6,2.9867,0.074,1.0000
23820,6244270080,34466.4,3.0840,0.077,1.0000
23840,6249512960,34495.0,3.0114,0.078,1.0000
23860,6254755840,34523.5,3.0002,0.076,1.0000
23880,6259998720,34551.9,3.0102,0.078,1.0000
23900,6265241600,34580.3,3.0322,0.075,1.0000
23920,6270484480,34608.9,3.0052,0.078,1.0000
23940,6275727360,34637.3,3.0528,0.074,1.0000
23960,6280970240,34665.7,3.0195,0.077,1.0000
23980,6286213120,34694.2,2.9718,0.074,1.0000
24000,6291456000,34722.6,2.9917,0.077,1.0000
24020,6296698880,34753.8,2.9461,0.076,1.0000
24040,6301941760,34782.3,3.0782,0.078,1.0000
24060,6307184640,34811.1,3.0003,0.076,1.0000
24080,6312427520,34839.6,2.9708,0.075,1.0000
24100,6317670400,34868.2,3.0060,0.076,1.0000
24120,6322913280,34896.6,3.0398,0.075,1.0000
24140,6328156160,34925.2,2.9792,0.075,1.0000
24160,6333399040,34953.6,3.0252,0.078,1.0000
24180,6338641920,34982.1,2.9627,0.077,1.0000
24200,6343884800,35010.6,2.9786,0.077,1.0000
24220,6349127680,35039.0,3.0210,0.081,1.0000
24240,6354370560,35067.5,3.0207,0.074,1.0000
24260,6359613440,35098.6,2.9629,0.077,1.0000
24280,6364856320,35127.4,3.0280,0.075,1.0000
24300,6370099200,35155.8,3.0380,0.076,1.0000
24320,6375342080,35184.2,3.0242,0.079,1.0000
24340,6380584960,35212.6,3.0280,0.079,1.0000
24360,6385827840,35241.3,3.0067,0.080,1.0000
24380,6391070720,35269.7,3.0325,0.075,1.0000
24400,6396313600,35298.5,3.0173,0.077,1.0000
24420,6401556480,35327.0,2.9586,0.076,1.0000
24440,6406799360,35355.5,2.9891,0.074,1.0000
24460,6412042240,35384.0,2.9834,0.078,1.0000
24480,6417285120,35412.6,3.0414,0.073,1.0000
24500,6422528000,35441.0,3.0181,0.075,1.0000
24520,6427770880,35472.0,3.0070,0.080,1.0000
24540,6433013760,35500.4,3.0061,0.075,1.0000
24560,6438256640,35528.8,3.0889,0.073,1.0000
24580,6443499520,35557.4,3.0634,0.075,1.0000
24600,6448742400,35585.8,3.0144,0.075,1.0000
24620,6453985280,35614.2,3.0587,0.075,1.0000
24640,6459228160,35642.6,3.0064,0.076,1.0000
24660,6464471040,35671.1,3.0678,0.082,1.0000
24680,6469713920,35700.0,2.9432,0.075,1.0000
24700,6474956800,35728.5,3.0808,0.080,1.0000
24720,6480199680,35757.5,2.9314,0.074,1.0000
24740,6485442560,35786.2,2.9760,0.076,1.0000
24760,6490685440,35821.9,3.0439,0.075,1.0000
24780,6495928320,35851.2,3.0172,0.074,1.0000
24800,6501171200,35880.1,3.0116,0.077,1.0000
24820,6506414080,35909.8,3.0204,0.074,1.0000
24840,6511656960,35938.5,3.0045,0.076,1.0000
24860,6516899840,35967.6,3.0673,0.074,1.0000
24880,6522142720,35996.2,3.0942,0.078,1.0000
24900,6527385600,36025.8,2.9920,0.075,1.0000
24920,6532628480,36054.5,3.0670,0.076,1.0000
24940,6537871360,36083.5,3.0140,0.076,1.0000
24960,6543114240,36112.6,2.9900,0.076,1.0000
24980,6548357120,36141.1,3.0161,0.075,1.0000
25000,6553600000,36169.6,3.0774,0.077,1.0000
25020,6558842880,36201.0,2.9768,0.072,1.0000
25040,6564085760,36229.4,3.0153,0.074,1.0000
25060,6569328640,36258.0,2.9873,0.074,1.0000
25080,6574571520,36286.4,3.0039,0.076,1.0000
25100,6579814400,36315.1,3.0158,0.077,1.0000
25120,6585057280,36343.7,3.0537,0.077,1.0000
25140,6590300160,36372.1,3.0408,0.078,1.0000
25160,6595543040,36400.5,3.0095,0.076,1.0000
25180,6600785920,36429.1,3.0228,0.078,1.0000
25200,6606028800,36457.6,3.0204,0.079,1.0000
25220,6611271680,36486.0,2.9698,0.075,1.0000
25240,6616514560,36514.5,3.0094,0.076,1.0000
25260,6621757440,36545.0,3.0175,0.076,1.0000
25280,6627000320,36573.4,2.9753,0.075,1.0000
25300,6632243200,36601.8,3.0371,0.079,1.0000
25320,6637486080,36630.2,2.9499,0.074,1.0000
25340,6642728960,36658.8,2.9706,0.076,1.0000
25360,6647971840,36687.4,3.0012,0.072,1.0000
25380,6653214720,36715.8,2.9931,0.072,1.0000
25400,6658457600,36744.4,3.0057,0.076,1.0000
25420,6663700480,36772.8,2.9644,0.075,1.0000
25440,6668943360,36801.3,2.9723,0.075,1.0000
25460,6674186240,36829.8,2.9896,0.077,1.0000
25480,6679429120,36858.3,2.9946,0.075,1.0000
25500,6684672000,36886.7,3.0071,0.080,1.0000
25520,6689914880,36917.7,3.0867,0.075,1.0000
25540,6695157760,36946.3,2.9705,0.074,1.0000
25560,6700400640,36974.9,2.9744,0.074,1.0000
25580,6705643520,37003.4,2.9982,0.074,1.0000
25600,6710886400,37031.8,2.9458,0.076,1.0000
25620,6716129280,37060.3,3.0809,0.076,1.0000
25640,6721372160,37088.7,3.0064,0.076,1.0000
25660,6726615040,37117.1,3.0170,0.077,1.0000
25680,6731857920,37145.6,3.0894,0.077,1.0000
25700,6737100800,37174.1,3.0432,0.077,1.0000
25720,6742343680,37202.8,3.0262,0.075,1.0000
25740,6747586560,37231.2,2.9649,0.078,1.0000
25760,6752829440,37262.2,3.0005,0.079,1.0000
25780,6758072320,37291.1,3.0411,0.076,1.0000
25800,6763315200,37319.5,3.0544,0.074,1.0000
25820,6768558080,37347.9,3.0392,0.079,1.0000
25840,6773800960,37376.3,2.9485,0.076,1.0000
25860,6779043840,37404.8,3.0198,0.074,1.0000
25880,6784286720,37433.3,2.9587,0.075,1.0000
25900,6789529600,37462.0,3.0432,0.076,1.0000
25920,6794772480,37490.4,2.9388,0.080,1.0000
25940,6800015360,37519.3,2.9591,0.075,1.0000
25960,6805258240,37547.7,3.0153,0.077,1.0000
25980,6810501120,37576.2,3.0193,0.076,1.0000
26000,6815744000,37604.7,3.0087,0.075,1.0000
26020,6820986880,37635.1,2.9906,0.073,1.0000
26040,6826229760,37663.5,3.0149,0.077,1.0000
26060,6831472640,37691.9,3.0525,0.076,1.0000
26080,6836715520,37720.4,2.9301,0.075,1.0000
26100,6841958400,37748.9,2.9657,0.073,1.0000
26120,6847201280,37777.4,3.0347,0.074,1.0000
26140,6852444160,37805.9,3.0687,0.075,1.0000
26160,6857687040,37834.4,3.0268,0.076,1.0000
26180,6862929920,37862.8,2.9929,0.076,1.0000
26200,6868172800,37891.3,3.0223,0.075,1.0000
26220,6873415680,37920.1,2.9786,0.073,1.0000
26240,6878658560,37948.6,2.9676,0.074,1.0000
26260,6883901440,37979.1,3.0149,0.074,1.0000
26280,6889144320,38007.5,2.9989,0.074,1.0000
26300,6894387200,38035.9,3.0284,0.074,1.0000
26320,6899630080,38064.4,3.0110,0.074,1.0000
26340,6904872960,38093.0,2.9726,0.074,1.0000
26360,6910115840,38122.0,2.9613,0.075,1.0000
26380,6915358720,38150.5,2.9740,0.074,1.0000
26400,6920601600,38179.1,3.0646,0.072,1.0000
26420,6925844480,38207.5,2.9704,0.076,1.0000
26440,6931087360,38236.2,3.0295,0.075,1.0000
26460,6936330240,38264.6,3.0403,0.077,1.0000
26480,6941573120,38293.1,2.9657,0.074,1.0000
26500,6946816000,38321.5,2.9841,0.077,1.0000
26520,6952058880,38352.7,2.9870,0.075,1.0000
26540,6957301760,38381.2,3.0197,0.077,1.0000
26560,6962544640,38409.7,2.9197,0.076,1.0000
26580,6967787520,38438.1,2.9889,0.077,1.0000
26600,6973030400,38466.5,2.9868,0.075,1.0000
26620,6978273280,38495.0,2.9820,0.075,1.0000
26640,6983516160,38523.4,2.9906,0.074,1.0000
26660,6988759040,38551.9,3.0070,0.075,1.0000
26680,6994001920,38580.4,2.9976,0.073,1.0000
26700,6999244800,38608.8,3.0107,0.074,1.0000
26720,7004487680,38637.2,2.9906,0.074,1.0000
26740,7009730560,38665.8,2.9553,0.073,1.0000
26760,7014973440,38696.5,2.9934,0.076,1.0000
26780,7020216320,38725.5,3.0095,0.074,1.0000
26800,7025459200,38754.0,2.9963,0.074,1.0000
26820,7030702080,38782.6,2.9824,0.074,1.0000
26840,7035944960,38811.0,3.0450,0.080,1.0000
26860,7041187840,38839.4,3.0202,0.080,1.0000
26880,7046430720,38868.0,3.0217,0.075,1.0000
26900,7051673600,38896.6,2.9179,0.077,1.0000
26920,7056916480,38925.0,3.0235,0.076,1.0000
26940,7062159360,38953.5,2.9937,0.074,1.0000
26960,7067402240,38981.9,3.0028,0.073,1.0000
26980,7072645120,39010.5,2.9937,0.076,1.0000
27000,7077888000,39039.0,3.0290,0.075,1.0000
27020,7083130880,39069.6,3.0346,0.072,1.0000
27040,7088373760,39098.0,3.0372,0.077,1.0000
27060,7093616640,39126.4,3.0490,0.075,1.0000
27080,7098859520,39155.0,3.0268,0.073,1.0000
27100,7104102400,39183.8,3.0088,0.073,1.0000
27120,7109345280,39212.2,3.0156,0.076,1.0000
27140,7114588160,39240.6,3.0186,0.073,1.0000
27160,7119831040,39269.1,2.9700,0.073,1.0000
27180,7125073920,39298.0,2.9716,0.076,1.0000
27200,7130316800,39326.4,2.9397,0.072,1.0000
27220,7135559680,39355.1,3.0627,0.073,1.0000
27240,7140802560,39383.5,3.0334,0.077,1.0000
27260,7146045440,39414.3,2.9677,0.073,1.0000
27280,7151288320,39442.8,2.9979,0.072,1.0000
27300,7156531200,39471.2,3.0240,0.072,1.0000
27320,7161774080,39500.0,2.9643,0.070,1.0000
27340,7167016960,39528.4,3.0061,0.075,1.0000
27360,7172259840,39556.9,3.0586,0.075,1.0000
27380,7177502720,39585.3,2.9430,0.074,1.0000
27400,7182745600,39613.7,3.0481,0.072,1.0000
27420,7187988480,39642.2,2.9918,0.073,1.0000
27440,7193231360,39670.8,2.9693,0.075,1.0000
27460,7198474240,39699.2,2.9412,0.075,1.0000
27480,7203717120,39727.8,3.0581,0.074,1.0000
27500,7208960000,39756.2,2.9626,0.072,1.0000
27520,7214202880,39786.4,3.0453,0.076,1.0000
27540,7219445760,39815.0,2.9617,0.077,1.0000
27560,7224688640,39843.6,3.0996,0.072,1.0000
27580,7229931520,39872.2,2.9735,0.073,1.0000
27600,7235174400,39901.1,2.9731,0.074,1.0000
27620,7240417280,39929.6,3.0134,0.073,1.0000
27640,7245660160,39958.2,2.9724,0.070,1.0000
27660,7250903040,39986.7,2.9875,0.075,1.0000
27680,7256145920,40015.2,2.9977,0.072,1.0000
27700,7261388800,40043.6,2.9815,0.073,1.0000
27720,7266631680,40072.3,3.0000,0.075,1.0000
27740,7271874560,40100.8,3.0060,0.077,1.0000
27760,7277117440,40131.9,3.0311,0.072,1.0000
27780,7282360320,40160.3,2.9903,0.073,1.0000
27800,7287603200,40188.7,3.0060,0.079,1.0000
27820,7292846080,40217.4,3.0031,0.075,1.0000
27840,7298088960,40245.8,2.9566,0.079,1.0000
27860,7303331840,40274.4,3.0001,0.071,1.0000
27880,7308574720,40303.0,3.0003,0.073,1.0000
27900,7313817600,40331.4,3.0180,0.074,1.0000
27920,7319060480,40359.8,2.9290,0.073,1.0000
27940,7324303360,40388.4,2.9715,0.075,1.0000
27960,7329546240,40416.9,3.0507,0.077,1.0000
27980,7334789120,40445.6,2.9682,0.070,1.0000
28000,7340032000,40474.0,2.9918,0.073,1.0000
28020,7345274880,40504.9,2.9515,0.073,1.0000
28040,7350517760,40533.4,2.9704,0.072,1.0000
28060,7355760640,40561.8,2.9940,0.072,1.0000
28080,7361003520,40590.2,3.0833,0.073,1.0000
28100,7366246400,40618.8,2.9807,0.072,1.0000
28120,7371489280,40647.2,3.0576,0.072,1.0000
28140,7376732160,40675.5,3.0807,0.073,1.0000
28160,7381975040,40704.0,3.0177,0.074,1.0000
28180,7387217920,40732.8,2.9702,0.076,1.0000
28200,7392460800,40761.4,2.9716,0.075,1.0000
28220,7397703680,40789.9,3.0061,0.074,1.0000
28240,7402946560,40818.3,3.0439,0.072,1.0000
28260,7408189440,40849.5,2.9561,0.072,1.0000
28280,7413432320,40877.9,2.9795,0.074,1.0000
28300,7418675200,40906.3,2.9407,0.071,1.0000
28320,7423918080,40935.3,2.9627,0.074,1.0000
28340,7429160960,40963.7,3.0259,0.074,1.0000
28360,7434403840,40992.4,2.9727,0.074,1.0000
28380,7439646720,41020.9,2.9779,0.071,1.0000
28400,7444889600,41049.3,3.0174,0.074,1.0000
28420,7450132480,41077.9,3.0279,0.071,1.0000
28440,7455375360,41106.7,3.0226,0.074,1.0000
28460,7460618240,41135.1,2.9451,0.071,1.0000
28480,7465861120,41163.6,3.0420,0.075,1.0000
28500,7471104000,41192.0,3.0079,0.074,1.0000
28520,7476346880,41223.0,3.0544,0.074,1.0000
28540,7481589760,41251.8,2.9623,0.072,1.0000
28560,7486832640,41280.2,3.0258,0.073,1.0000
28580,7492075520,41308.6,3.0263,0.071,1.0000
28600,7497318400,41337.2,2.9520,0.072,1.0000
28620,7502561280,41365.7,2.9912,0.076,1.0000
28640,7507804160,41394.4,2.9991,0.073,1.0000
28660,7513047040,41422.8,2.9565,0.077,1.0000
28680,7518289920,41451.6,2.9439,0.072,1.0000
28700,7523532800,41480.1,3.0076,0.073,1.0000
28720,7528775680,41508.6,2.9610,0.073,1.0000
28740,7534018560,41537.1,2.9868,0.075,1.0000
28760,7539261440,41568.1,2.9465,0.072,1.0000
28780,7544504320,41596.5,3.0188,0.076,1.0000
28800,7549747200,41624.9,2.9965,0.073,1.0000
28820,7554990080,41653.4,2.9529,0.074,1.0000
28840,7560232960,41681.8,2.8840,0.071,1.0000
28860,7565475840,41710.8,2.9983,0.073,1.0000
28880,7570718720,41739.2,2.9979,0.075,1.0000
28900,7575961600,41767.7,2.9387,0.071,1.0000
28920,7581204480,41796.1,3.0230,0.071,1.0000
28940,7586447360,41824.7,3.0078,0.073,1.0000
28960,7591690240,41853.2,3.0679,0.074,1.0000
28980,7596933120,41881.8,2.9840,0.072,1.0000
29000,7602176000,41910.2,3.0122,0.069,1.0000
29020,7607418880,41940.7,3.0313,0.071,1.0000
29040,7612661760,41969.2,3.0149,0.070,1.0000
29060,7617904640,41997.6,3.0186,0.073,1.0000
29080,7623147520,42026.1,2.9682,0.074,1.0000
29100,7628390400,42054.6,2.9270,0.073,1.0000
29120,7633633280,42083.1,3.0040,0.074,1.0000
29140,7638876160,42111.5,2.9863,0.074,1.0000
29160,7644119040,42140.2,2.9972,0.072,1.0000
29180,7649361920,42169.3,2.9571,0.070,1.0000
29200,7654604800,42198.1,3.0271,0.071,1.0000
29220,7659847680,42227.3,2.9997,0.075,1.0000
29240,7665090560,42255.8,3.0068,0.072,1.0000
29260,7670333440,42286.8,3.0062,0.074,1.0000
29280,7675576320,42315.6,2.9783,0.073,1.0000
29300,7680819200,42344.4,2.9652,0.071,1.0000
29320,7686062080,42372.8,2.9737,0.073,1.0000
29340,7691304960,42401.2,2.9852,0.071,1.0000
29360,7696547840,42429.7,2.9238,0.074,1.0000
29380,7701790720,42458.1,3.0295,0.073,1.0000
29400,7707033600,42486.6,3.0371,0.072,1.0000
29420,7712276480,42515.1,2.9907,0.072,1.0000
29440,7717519360,42543.6,2.9740,0.070,1.0000
29460,7722762240,42572.0,2.9314,0.076,1.0000
29480,7728005120,42600.4,2.9691,0.073,1.0000
29500,7733248000,42628.9,3.0149,0.072,1.0000
29520,7738490880,42660.2,2.9578,0.071,1.0000
29540,7743733760,42688.6,3.0136,0.073,1.0000
29560,7748976640,42717.2,2.9612,0.077,1.0000
29580,7754219520,42745.6,3.0581,0.073,1.0000
29600,7759462400,42774.0,2.9889,0.071,1.0000
29620,7764705280,42802.5,3.0231,0.072,1.0000
29640,7769948160,42831.0,2.9776,0.073,1.0000
29660,7775191040,42859.4,2.9554,0.071,1.0000
29680,7780433920,42887.8,2.9454,0.072,1.0000
29700,7785676800,42916.5,2.9697,0.070,1.0000
29720,7790919680,42944.9,3.0267,0.074,1.0000
29740,7796162560,42973.5,2.9801,0.080,1.0000
29760,7801405440,43004.2,3.0251,0.075,1.0000
29780,7806648320,43033.0,2.9871,0.073,1.0000
29800,7811891200,43061.4,2.9895,0.072,1.0000
29820,7817134080,43090.2,2.9595,0.071,1.0000
29840,7822376960,43118.7,3.0088,0.072,1.0000
29860,7827619840,43147.3,3.0137,0.074,1.0000
29880,7832862720,43175.8,2.9831,0.071,1.0000
29900,7838105600,43204.4,3.0185,0.074,1.0000
29920,7843348480,43232.8,3.0146,0.072,1.0000
29940,7848591360,43261.2,2.9916,0.072,1.0000
29960,7853834240,43289.9,3.0428,0.071,1.0000
29980,7859077120,43318.3,2.9387,0.071,1.0000
30000,7864320000,43346.7,2.9753,0.071,1.0000
30020,7869562880,43377.8,2.9295,0.069,1.0000
30040,7874805760,43406.2,2.9715,0.069,1.0000
30060,7880048640,43435.0,3.0566,0.070,1.0000
30080,7885291520,43463.6,2.9538,0.073,1.0000
30100,7890534400,43492.0,3.0432,0.074,1.0000
30120,7895777280,43521.0,2.9716,0.075,1.0000
30140,7901020160,43549.4,2.9667,0.069,1.0000
30160,7906263040,43577.8,2.9938,0.073,1.0000
30180,7911505920,43606.4,2.9870,0.072,1.0000
30200,7916748800,43634.8,2.9761,0.069,1.0000
30220,7921991680,43663.3,3.0339,0.070,1.0000
30240,7927234560,43691.8,2.9869,0.072,1.0000
30260,7932477440,43722.4,3.0245,0.074,1.0000
30280,7937720320,43751.1,2.9367,0.074,1.0000
30300,7942963200,43779.6,2.9329,0.076,1.0000
30320,7948206080,43808.2,2.9511,0.071,1.0000
30340,7953448960,43836.6,2.9774,0.075,1.0000
30360,7958691840,43865.0,2.9661,0.073,1.0000
30380,7963934720,43893.5,2.9387,0.075,1.0000
30400,7969177600,43922.1,3.0077,0.071,1.0000
30420,7974420480,43950.5,2.9825,0.070,1.0000
30440,7979663360,43979.1,2.9757,0.073,1.0000
30460,7984906240,44007.5,2.9671,0.073,1.0000
30480,7990149120,44035.9,2.9793,0.074,1.0000
30500,7995392000,44064.4,3.0045,0.074,1.0000
30520,8000634880,44095.2,3.0052,0.071,1.0000
30540,8005877760,44123.9,3.0348,0.077,1.0000
30560,8011120640,44152.4,2.9187,0.072,1.0000
30580,8016363520,44180.8,2.9836,0.076,1.0000
30600,8021606400,44209.4,3.0112,0.073,1.0000
30620,8026849280,44237.9,3.0518,0.076,1.0000
30640,8032092160,44266.3,2.9610,0.074,1.0000
30660,8037335040,44294.8,2.9988,0.073,1.0000
30680,8042577920,44323.3,2.9555,0.070,1.0000
30700,8047820800,44351.8,3.0318,0.076,1.0000
30720,8053063680,44380.5,2.9288,0.070,1.0000
30740,8058306560,44409.0,3.0550,0.073,1.0000
30760,8063549440,44440.2,2.9777,0.070,1.0000
30780,8068792320,44468.8,2.9726,0.075,1.0000
30800,8074035200,44497.2,2.9460,0.072,1.0000
30820,8079278080,44525.7,3.0292,0.073,1.0000
30840,8084520960,44554.3,2.9079,0.071,1.0000
30860,8089763840,44583.0,2.9944,0.075,1.0000
30880,8095006720,44611.4,3.0088,0.071,1.0000
30900,8100249600,44639.9,3.0216,0.071,1.0000
30920,8105492480,44668.3,3.0541,0.072,1.0000
30940,8110735360,44697.0,2.9700,0.071,1.0000
30960,8115978240,44725.8,2.9064,0.071,1.0000
30980,8121221120,44754.2,3.0170,0.070,1.0000
31000,8126464000,44782.6,2.9624,0.071,1.0000
31020,8131706880,44813.5,2.9877,0.071,1.0000
31040,8136949760,44841.9,3.0113,0.073,1.0000
31060,8142192640,44870.5,2.9953,0.069,1.0000
31080,8147435520,44898.9,2.9905,0.072,1.0000
31100,8152678400,44927.3,3.0434,0.070,1.0000
31120,8157921280,44955.7,2.9219,0.071,1.0000
31140,8163164160,44984.4,2.9664,0.074,1.0000
31160,8168407040,45012.9,2.9525,0.072,1.0000
31180,8173649920,45041.6,2.9792,0.069,1.0000
31200,8178892800,45070.1,2.9586,0.071,1.0000
31220,8184135680,45098.7,2.9710,0.073,1.0000
31240,8189378560,45127.2,2.8965,0.071,1.0000
31260,8194621440,45158.2,2.9498,0.070,1.0000
31280,8199864320,45186.8,3.0010,0.069,1.0000
31300,8205107200,45215.2,2.9794,0.068,1.0000
31320,8210350080,45243.8,3.0098,0.071,1.0000
31340,8215592960,45272.3,2.9611,0.078,1.0000
31360,8220835840,45300.7,2.9691,0.071,1.0000
31380,8226078720,45329.4,2.9494,0.071,1.0000
31400,8231321600,45358.2,3.0118,0.069,1.0000
31420,8236564480,45386.6,2.9276,0.070,1.0000
31440,8241807360,45415.0,3.0033,0.074,1.0000
31460,8247050240,45443.4,2.9970,0.072,1.0000
31480,8252293120,45471.9,2.9936,0.073,1.0000
31500,8257536000,45500.5,3.0208,0.069,1.0000
31520,8262778880,45530.9,3.0641,0.073,1.0000
31540,8268021760,45559.3,3.0225,0.072,1.0000
31560,8273264640,45587.9,2.9536,0.071,1.0000
31580,8278507520,45616.3,2.9681,0.069,1.0000
31600,8283750400,45645.1,2.9787,0.069,1.0000
31620,8288993280,45673.5,2.9832,0.070,1.0000
31640,8294236160,45702.1,3.0015,0.082,1.0000
31660,8299479040,45730.5,3.0489,0.073,1.0000
31680,8304721920,45759.0,2.9471,0.071,1.0000
31700,8309964800,45787.4,3.0048,0.074,1.0000
31720,8315207680,45816.1,2.9561,0.071,1.0000
31740,8320450560,45844.5,3.0129,0.069,1.0000
31760,8325693440,45875.7,3.0144,0.069,1.0000
31780,8330936320,45904.4,2.9948,0.076,1.0000
31800,8336179200,45933.1,2.9064,0.069,1.0000
31820,8341422080,45961.8,2.9524,0.069,1.0000
31840,8346664960,45990.3,3.0071,0.071,1.0000
31860,8351907840,46019.1,2.9475,0.071,1.0000
31880,8357150720,46047.5,2.9788,0.071,1.0000
31900,8362393600,46076.2,2.9065,0.074,1.0000
31920,8367636480,46104.7,3.0127,0.073,1.0000
31940,8372879360,46133.5,2.9715,0.073,1.0000
31960,8378122240,46161.9,2.8865,0.071,1.0000
31980,8383365120,46190.5,3.0313,0.071,1.0000
32000,8388608000,46218.9,2.9511,0.069,1.0000
32020,8393850880,46249.8,2.9823,0.069,1.0000
32040,8399093760,46278.4,2.9642,0.071,1.0000
32060,8404336640,46306.8,2.9571,0.072,1.0000
32080,8409579520,46335.2,2.9516,0.071,1.0000
32100,8414822400,46363.7,2.9862,0.069,1.0000
32120,8420065280,46392.1,3.0164,0.071,1.0000
32140,8425308160,46420.7,3.0233,0.073,1.0000
32160,8430551040,46449.3,2.9569,0.071,1.0000
32180,8435793920,46477.7,2.9890,0.074,1.0000
32200,8441036800,46506.2,3.0053,0.072,1.0000
32220,8446279680,46535.2,3.0316,0.071,1.0000
32240,8451522560,46563.6,2.8995,0.073,1.0000
32260,8456765440,46595.0,2.9879,0.069,1.0000
32280,8462008320,46623.7,2.9386,0.071,1.0000
32300,8467251200,46652.1,2.9643,0.075,1.0000
32320,8472494080,46680.6,2.9891,0.073,1.0000
32340,8477736960,46709.0,2.9031,0.076,1.0000
32360,8482979840,46737.7,3.0047,0.072,1.0000
32380,8488222720,46766.2,3.0226,0.072,1.0000
32400,8493465600,46794.6,2.9351,0.069,1.0000
32420,8498708480,46823.0,3.0300,0.072,1.0000
32440,8503951360,46851.5,2.9983,0.071,1.0000
32460,8509194240,46880.0,2.9840,0.070,1.0000
32480,8514437120,46908.6,2.9739,0.074,1.0000
32500,8519680000,46937.2,2.9466,0.071,1.0000
32520,8524922880,46968.1,2.9973,0.072,1.0000
32540,8530165760,46996.5,2.9980,0.071,1.0000
32560,8535408640,47025.0,2.9461,0.072,1.0000
32580,8540651520,47053.4,2.9629,0.071,1.0000
32600,8545894400,47082.0,2.9748,0.070,1.0000
32620,8551137280,47110.4,2.9728,0.070,1.0000
32640,8556380160,47139.2,2.9663,0.070,1.0000
32660,8561623040,47167.7,2.9468,0.070,1.0000
32680,8566865920,47196.1,2.9732,0.073,1.0000
32700,8572108800,47224.7,2.9418,0.071,1.0000
32720,8577351680,47253.2,2.9758,0.071,1.0000
32740,8582594560,47281.6,2.9889,0.069,1.0000
32760,8587837440,47312.9,3.0035,0.073,1.0000
32780,8593080320,47341.3,3.0038,0.071,1.0000
32800,8598323200,47369.8,2.9576,0.073,1.0000
32820,8603566080,47398.3,2.9245,0.069,1.0000
32840,8608808960,47426.7,3.0588,0.072,1.0000
32860,8614051840,47455.5,2.9562,0.072,1.0000
32880,8619294720,47483.9,2.9805,0.070,1.0000
32900,8624537600,47512.3,2.9767,0.072,1.0000
32920,8629780480,47540.9,2.9595,0.070,1.0000
32940,8635023360,47569.4,2.9560,0.074,1.0000
32960,8640266240,47597.8,3.0138,0.071,1.0000
32980,8645509120,47626.6,2.9170,0.072,1.0000
33000,8650752000,47655.1,3.0000,0.072,1.0000
33020,8655994880,47686.2,2.9392,0.069,1.0000
33040,8661237760,47714.7,2.9252,0.071,1.0000
33060,8666480640,47743.5,2.9484,0.068,1.0000
33080,8671723520,47772.0,2.9305,0.072,1.0000
33100,8676966400,47800.5,3.0188,0.070,1.0000
33120,8682209280,47828.9,2.9735,0.069,1.0000
33140,8687452160,47857.6,3.0405,0.070,1.0000
33160,8692695040,47886.1,2.9758,0.069,1.0000
33180,8697937920,47914.7,2.9455,0.072,1.0000
33200,8703180800,47943.2,2.8865,0.072,1.0000
33220,8708423680,47971.6,2.9799,0.070,1.0000
33240,8713666560,48000.1,2.9769,0.069,1.0000
33260,8718909440,48030.5,2.9752,0.075,1.0000
33280,8724152320,48058.9,2.9619,0.072,1.0000
33300,8729395200,48087.3,3.0176,0.071,1.0000
33320,8734638080,48115.7,2.9845,0.071,1.0000
33340,8739880960,48144.2,2.9877,0.069,1.0000
33360,8745123840,48172.8,2.9975,0.073,1.0000
33380,8750366720,48201.3,2.9934,0.070,1.0000
33400,8755609600,48230.8,2.9578,0.071,1.0000
33420,8760852480,48259.2,2.9524,0.068,1.0000
33440,8766095360,48287.9,3.0225,0.071,1.0000
33460,8771338240,48316.5,3.0179,0.074,1.0000
33480,8776581120,48345.2,2.9347,0.071,1.0000
33500,8781824000,48373.6,2.9357,0.072,1.0000
33520,8787066880,48404.4,2.9195,0.071,1.0000
33540,8792309760,48432.9,2.9955,0.071,1.0000
33560,8797552640,48461.3,2.9946,0.071,1.0000
33580,8802795520,48489.8,2.9696,0.068,1.0000
33600,8808038400,48518.3,2.8984,0.069,1.0000
33620,8813281280,48546.7,2.9744,0.068,1.0000
33640,8818524160,48575.1,2.9943,0.071,1.0000
33660,8823767040,48603.5,2.9445,0.074,1.0000
33680,8829009920,48632.1,2.9962,0.072,1.0000
33700,8834252800,48660.6,2.9846,0.070,1.0000
33720,8839495680,48689.0,2.9948,0.070,1.0000
33740,8844738560,48717.4,3.0026,0.068,1.0000
33760,8849981440,48748.1,2.9765,0.068,1.0000
33780,8855224320,48776.6,2.9765,0.070,1.0000
33800,8860467200,48805.1,3.0083,0.075,1.0000
33820,8865710080,48833.6,2.9500,0.069,1.0000
33840,8870952960,48862.0,3.0423,0.071,1.0000
33860,8876195840,48890.5,2.9088,0.069,1.0000
33880,8881438720,48918.9,3.0394,0.071,1.0000
33900,8886681600,48948.0,2.9622,0.069,1.0000
33920,8891924480,48976.4,2.9289,0.072,1.0000
33940,8897167360,49004.8,3.0263,0.070,1.0000
33960,8902410240,49033.3,3.0268,0.072,1.0000
33980,8907653120,49061.7,2.9480,0.073,1.0000
34000,8912896000,49090.2,2.9922,0.073,1.0000
34020,8918138880,49120.8,2.9345,0.068,1.0000
34040,8923381760,49149.3,2.9507,0.071,1.0000
34060,8928624640,49177.9,2.9309,0.071,1.0000
34080,8933867520,49206.3,2.9205,0.071,1.0000
34100,8939110400,49234.8,2.9460,0.068,1.0000
34120,8944353280,49263.4,2.9591,0.068,1.0000
34140,8949596160,49291.9,3.0520,0.071,1.0000
34160,8954839040,49320.3,3.0338,0.071,1.0000
34180,8960081920,49348.8,2.9997,0.069,1.0000
34200,8965324800,49377.2,2.9995,0.068,1.0000
34220,8970567680,49405.8,2.9819,0.070,1.0000
34240,8975810560,49434.3,3.0137,0.068,1.0000
34260,8981053440,49464.7,2.8850,0.073,1.0000
34280,8986296320,49493.1,2.9402,0.070,1.0000
34300,8991539200,49521.8,2.9636,0.070,1.0000
34320,8996782080,49550.3,2.9762,0.069,1.0000
34340,9002024960,49578.8,3.0375,0.069,1.0000
34360,9007267840,49607.3,2.9470,0.069,1.0000
34380,9012510720,49635.7,2.9018,0.070,1.0000
34400,9017753600,49664.4,3.0142,0.071,1.0000
34420,9022996480,49692.8,2.9780,0.073,1.0000
34440,9028239360,49721.5,3.0293,0.070,1.0000
34460,9033482240,49750.0,2.9251,0.071,1.0000
34480,9038725120,49778.4,2.9960,0.072,1.0000
34500,9043968000,49806.8,3.0253,0.071,1.0000
34520,9049210880,49837.3,2.9710,0.069,1.0000
34540,9054453760,49865.8,2.9638,0.070,1.0000
34560,9059696640,49894.4,2.9801,0.072,1.0000
34580,9064939520,49923.1,2.9731,0.071,1.0000
34600,9070182400,49951.5,2.9930,0.072,1.0000
34620,9075425280,49979.9,2.9644,0.070,1.0000
34640,9080668160,50008.3,2.9816,0.068,1.0000
34660,9085911040,50036.8,2.9518,0.072,1.0000
34680,9091153920,50065.6,2.9596,0.073,1.0000
34700,9096396800,50094.0,2.9838,0.070,1.0000
34720,9101639680,50122.5,2.9615,0.070,1.0000
34740,9106882560,50151.2,3.0037,0.073,1.0000
34760,9112125440,50181.6,2.9320,0.071,1.0000
34780,9117368320,50210.3,3.0135,0.071,1.0000
34800,9122611200,50238.7,2.9729,0.069,1.0000
34820,9127854080,50267.1,2.9430,0.070,1.0000
34840,9133096960,50295.5,2.9712,0.072,1.0000
34860,9138339840,50324.0,2.9550,0.069,1.0000
34880,9143582720,50352.5,2.9725,0.071,1.0000
34900,9148825600,50381.0,2.9813,0.069,1.0000
34920,9154068480,50409.4,3.0127,0.067,1.0000
34940,9159311360,50437.8,3.0306,0.067,1.0000
34960,9164554240,50466.2,2.9841,0.068,1.0000
34980,9169797120,50494.7,2.9479,0.072,1.0000
35000,9175040000,50523.2,2.9172,0.072,1.0000
35020,9180282880,50554.1,2.9589,0.068,1.0000
35040,9185525760,50582.4,2.9837,0.067,1.0000
35060,9190768640,50611.1,2.9549,0.073,1.0000
35080,9196011520,50639.5,2.9926,0.071,1.0000
35100,9201254400,50668.2,2.9292,0.070,1.0000
35120,9206497280,50696.8,2.9332,0.068,1.0000
35140,9211740160,50725.7,3.0402,0.070,1.0000
35160,9216983040,50754.2,2.9809,0.069,1.0000
35180,9222225920,50782.6,2.9294,0.069,1.0000
35200,9227468800,50811.0,2.9703,0.072,1.0000
35220,9232711680,50839.8,2.9603,0.070,1.0000
35240,9237954560,50868.3,2.9603,0.066,1.0000
35260,9243197440,50898.9,2.9852,0.069,1.0000
35280,9248440320,50927.4,2.9868,0.069,1.0000
35300,9253683200,50955.8,2.9280,0.071,1.0000
35320,9258926080,50984.5,2.9933,0.070,1.0000
35340,9264168960,51012.9,2.9858,0.071,1.0000
35360,9269411840,51041.5,3.0316,0.071,1.0000
35380,9274654720,51069.9,2.9396,0.070,1.0000
35400,9279897600,51098.3,2.9813,0.069,1.0000
35420,9285140480,51126.8,2.9765,0.068,1.0000
35440,9290383360,51155.3,2.9994,0.072,1.0000
35460,9295626240,51183.7,2.9687,0.069,1.0000
35480,9300869120,51212.1,2.9321,0.068,1.0000
35500,9306112000,51240.5,2.9281,0.067,1.0000
35520,9311354880,51271.1,2.9617,0.068,1.0000
35540,9316597760,51299.7,3.0249,0.069,1.0000
35560,9321840640,51328.4,2.9728,0.067,1.0000
35580,9327083520,51356.8,2.9794,0.071,1.0000
35600,9332326400,51385.4,2.9796,0.071,1.0000
35620,9337569280,51413.8,2.9075,0.070,1.0000
35640,9342812160,51442.4,2.9484,0.067,1.0000
35660,9348055040,51470.9,2.9596,0.069,1.0000
35680,9353297920,51499.3,2.9795,0.067,1.0000
35700,9358540800,51527.7,3.0183,0.071,1.0000
35720,9363783680,51556.2,2.9476,0.072,1.0000
35740,9369026560,51584.6,2.9466,0.067,1.0000
35760,9374269440,51615.6,2.9683,0.071,1.0000
35780,9379512320,51644.1,2.9713,0.068,1.0000
35800,9384755200,51672.5,3.0006,0.069,1.0000
35820,9389998080,51701.0,2.9458,0.072,1.0000
35840,9395240960,51729.4,2.9550,0.070,1.0000
35860,9400483840,51757.9,3.0023,0.073,1.0000
35880,9405726720,51786.5,3.0073,0.069,1.0000
35900,9410969600,51815.0,3.0020,0.068,1.0000
35920,9416212480,51843.4,3.0270,0.071,1.0000
35940,9421455360,51872.1,2.9429,0.068,1.0000
35960,9426698240,51900.5,2.9797,0.071,1.0000
35980,9431941120,51929.4,3.0180,0.069,1.0000
36000,9437184000,51957.9,2.9267,0.071,1.0000
36020,9442426880,51988.2,2.9997,0.070,1.0000
36040,9447669760,52016.6,2.9657,0.066,1.0000
36060,9452912640,52045.3,3.0380,0.071,1.0000
36080,9458155520,52073.8,2.9811,0.069,1.0000
36100,9463398400,52102.4,2.9774,0.069,1.0000
36120,9468641280,52130.8,2.9128,0.071,1.0000
36140,9473884160,52159.3,3.0063,0.073,1.0000
36160,9479127040,52187.7,2.9427,0.068,1.0000
36180,9484369920,52216.5,2.9742,0.067,1.0000
36200,9489612800,52245.2,2.9218,0.070,1.0000
36220,9494855680,52273.6,2.9876,0.070,1.0000
36240,9500098560,52302.0,3.0373,0.071,1.0000
36260,9505341440,52332.9,3.0002,0.070,1.0000
36280,9510584320,52361.5,2.9188,0.068,1.0000
36300,9515827200,52390.1,2.9987,0.070,1.0000
36320,9521070080,52418.7,2.9811,0.069,1.0000
36340,9526312960,52447.2,3.0299,0.068,1.0000
36360,9531555840,52475.8,3.0250,0.069,1.0000
36380,9536798720,52504.2,2.9693,0.067,1.0000
36400,9542041600,52533.1,3.0484,0.068,1.0000
36420,9547284480,52561.7,3.0016,0.068,1.0000
36440,9552527360,52590.2,2.9374,0.069,1.0000
36460,9557770240,52618.6,2.9527,0.071,1.0000
36480,9563013120,52647.2,2.9707,0.069,1.0000
36500,9568256000,52675.6,2.9960,0.069,1.0000
36520,9573498880,52706.6,2.9661,0.074,1.0000
36540,9578741760,52735.1,2.9342,0.070,1.0000
36560,9583984640,52763.5,2.9163,0.071,1.0000
36580,9589227520,52791.9,2.9807,0.068,1.0000
36600,9594470400,52820.3,2.9623,0.068,1.0000
36620,9599713280,52848.8,2.9844,0.070,1.0000
36640,9604956160,52877.4,2.9910,0.070,1.0000
36660,9610199040,52905.8,2.9254,0.069,1.0000
36680,9615441920,52934.2,2.9584,0.068,1.0000
36700,9620684800,52962.6,2.9580,0.069,1.0000
36720,9625927680,52991.1,2.9390,0.068,1.0000
36740,9631170560,53019.6,3.0058,0.069,1.0000
36760,9636413440,53050.0,2.9367,0.068,1.0000
36780,9641656320,53078.4,2.9504,0.067,1.0000
36800,9646899200,53106.8,2.9974,0.069,1.0000
36820,9652142080,53135.6,2.9229,0.069,1.0000
36840,9657384960,53164.1,3.0110,0.071,1.0000
36860,9662627840,53192.6,2.9770,0.069,1.0000
36880,9667870720,53221.0,2.9748,0.069,1.0000
36900,9673113600,53249.6,2.9586,0.067,1.0000
36920,9678356480,53278.0,2.9692,0.069,1.0000
36940,9683599360,53306.6,2.9216,0.068,1.0000
36960,9688842240,53335.2,2.9587,0.068,1.0000
36980,9694085120,53363.6,2.9398,0.071,1.0000
37000,9699328000,53392.0,3.0295,0.070,1.0000
37020,9704570880,53422.8,2.9452,0.067,1.0000
37040,9709813760,53451.2,3.0156,0.072,1.0000
37060,9715056640,53480.1,2.9556,0.077,1.0000
37080,9720299520,53508.6,2.9371,0.070,1.0000
37100,9725542400,53537.1,2.9416,0.068,1.0000
37120,9730785280,53566.5,2.9537,0.068,0.9963
37140,9736028160,53595.1,2.9546,0.070,0.9919
37160,9741271040,53623.5,3.0386,0.070,0.9876
37180,9746513920,53652.3,3.0088,0.066,0.9832
37200,9751756800,53680.7,2.9622,0.068,0.9788
37220,9756999680,53709.1,3.0007,0.068,0.9745
37240,9762242560,53737.6,2.9691,0.071,0.9701
37260,9767485440,53768.6,2.9729,0.069,0.9657
37280,9772728320,53797.5,2.9559,0.067,0.9614
37300,9777971200,53826.0,3.0133,0.069,0.9570
37320,9783214080,53854.4,2.9409,0.067,0.9526
37340,9788456960,53882.8,2.9360,0.072,0.9483
37360,9793699840,53911.2,2.9883,0.070,0.9439
37380,9798942720,53939.6,2.9972,0.067,0.9395
37400,9804185600,53968.2,2.9801,0.069,0.9352
37420,9809428480,53996.6,2.9267,0.068,0.9308
37440,9814671360,54025.2,3.0110,0.068,0.9264
37460,9819914240,54053.6,3.0335,0.069,0.9221
37480,9825157120,54082.2,2.9713,0.072,0.9177
37500,9830400000,54110.7,2.9696,0.068,0.9133
37520,9835642880,54144.0,2.9660,0.068,0.9090
37540,9840885760,54172.4,3.0057,0.067,0.9046
37560,9846128640,54200.8,2.9223,0.068,0.9002
37580,9851371520,54229.2,2.9630,0.068,0.8959
37600,9856614400,54257.7,3.0141,0.070,0.8915
37620,9861857280,54286.2,2.9698,0.067,0.8871
37640,9867100160,54314.8,2.9866,0.067,0.8828
37660,9872343040,54343.2,3.0108,0.067,0.8784
37680,9877585920,54371.9,2.9748,0.071,0.8740
37700,9882828800,54400.3,2.8830,0.065,0.8697
37720,9888071680,54428.8,2.9882,0.067,0.8653
37740,9893314560,54457.3,2.9556,0.067,0.8609
37760,9898557440,54488.3,2.9635,0.071,0.8566
37780,9903800320,54516.7,2.9977,0.067,0.8522
37800,9909043200,54545.1,2.9923,0.070,0.8478
37820,9914286080,54573.8,2.9103,0.065,0.8434
37840,9919528960,54602.3,2.9705,0.067,0.8391
37860,9924771840,54630.8,2.9464,0.067,0.8347
37880,9930014720,54659.2,2.9697,0.065,0.8303
37900,9935257600,54687.7,2.9479,0.069,0.8260
37920,9940500480,54716.1,2.9451,0.066,0.8216
37940,9945743360,54744.7,2.9578,0.069,0.8172
37960,9950986240,54773.2,2.9493,0.068,0.8129
37980,9956229120,54801.6,2.9382,0.071,0.8085
38000,9961472000,54830.0,2.9764,0.068,0.8041
38020,9966714880,54860.2,2.9542,0.066,0.7998
38040,9971957760,54888.7,2.9470,0.070,0.7954
38060,9977200640,54917.4,2.9325,0.067,0.7910
38080,9982443520,54945.8,2.9773,0.067,0.7867
38100,9987686400,54974.5,2.9254,0.065,0.7823
38120,9992929280,55002.9,2.9958,0.069,0.7779
38140,9998172160,55031.4,2.9983,0.067,0.7736
38160,10003415040,55060.0,2.9089,0.067,0.7692
38180,10008657920,55088.5,2.9439,0.069,0.7648
38200,10013900800,55116.9,2.9315,0.067,0.7605
38220,10019143680,55145.3,3.0003,0.068,0.7561
38240,10024386560,55173.7,2.9222,0.066,0.7517
38260,10029629440,55204.6,2.9713,0.067,0.7474
38280,10034872320,55233.4,2.9361,0.070,0.7430
38300,10040115200,55261.8,2.9821,0.070,0.7386
38320,10045358080,55290.2,2.9471,0.068,0.7343
38340,10050600960,55318.6,2.9161,0.068,0.7299
38360,10055843840,55347.4,2.9618,0.069,0.7255
38380,10061086720,55376.0,2.9496,0.067,0.7212
38400,10066329600,55404.4,2.9547,0.066,0.7168
38420,10071572480,55432.8,2.9428,0.068,0.7124
38440,10076815360,55461.2,3.0095,0.067,0.7081
38460,10082058240,55489.6,2.9657,0.067,0.7037
38480,10087301120,55518.3,2.9653,0.067,0.6993
38500,10092544000,55546.8,2.9700,0.069,0.6950
38520,10097786880,55577.5,2.9264,0.067,0.6906
38540,10103029760,55606.0,2.9569,0.069,0.6862
38560,10108272640,55634.5,2.9825,0.067,0.6819
38580,10113515520,55662.9,2.9500,0.068,0.6775
38600,10118758400,55691.6,2.9150,0.066,0.6731
38620,10124001280,55720.3,2.9921,0.069,0.6688
38640,10129244160,55748.9,2.9583,0.066,0.6644
38660,10134487040,55777.3,2.9669,0.069,0.6600
38680,10139729920,55805.7,2.9610,0.067,0.6557
38700,10144972800,55834.4,2.9158,0.068,0.6513
38720,10150215680,55862.9,2.9423,0.068,0.6469
38740,10155458560,55891.3,2.9409,0.068,0.6426
38760,10160701440,55921.8,2.9566,0.067,0.6382
38780,10165944320,55950.4,2.9584,0.066,0.6338
38800,10171187200,55978.8,3.0083,0.065,0.6295
38820,10176430080,56007.5,2.9506,0.066,0.6251
38840,10181672960,56035.9,2.9170,0.065,0.6207
38860,10186915840,56064.4,2.9247,0.068,0.6164
38880,10192158720,56092.8,2.9068,0.067,0.6120
38900,10197401600,56121.4,2.9587,0.067,0.6076
38920,10202644480,56150.0,2.9807,0.066,0.6033
38940,10207887360,56179.0,2.9281,0.066,0.5989
38960,10213130240,56207.5,2.9591,0.070,0.5945
38980,10218373120,56236.2,2.9585,0.066,0.5902
39000,10223616000,56264.7,2.9580,0.066,0.5858
39020,10228858880,56295.9,2.9077,0.066,0.5814
39040,10234101760,56324.5,2.9313,0.068,0.5771
39060,10239344640,56352.9,2.9094,0.073,0.5727
39080,10244587520,56381.4,2.9422,0.071,0.5683
39100,10249830400,56410.0,2.9680,0.066,0.5640
39120,10255073280,56438.4,2.9219,0.067,0.5596
39140,10260316160,56467.4,2.9343,0.067,0.5552
39160,10265559040,56495.9,3.0219,0.065,0.5509
39180,10270801920,56524.5,2.8873,0.067,0.5465
39200,10276044800,56553.2,2.8953,0.066,0.5421
39220,10281287680,56581.6,2.9369,0.066,0.5378
39240,10286530560,56610.0,2.8933,0.067,0.5334
39260,10291773440,56640.5,2.9447,0.065,0.5290
39280,10297016320,56669.2,2.9722,0.067,0.5247
39300,10302259200,56697.6,2.9361,0.068,0.5203
39320,10307502080,56726.1,2.9246,0.066,0.5159
39340,10312744960,56754.5,2.9151,0.067,0.5116
39360,10317987840,56783.3,3.0055,0.066,0.5072
39380,10323230720,56811.8,2.9361,0.067,0.5028
39400,10328473600,56840.2,2.9140,0.066,0.4985
39420,10333716480,56868.6,2.9356,0.067,0.4941
39440,10338959360,56897.2,2.9675,0.066,0.4897
39460,10344202240,56925.6,2.9173,0.066,0.4854
39480,10349445120,56954.2,2.9112,0.068,0.4810
39500,10354688000,56982.9,3.0231,0.067,0.4766
39520,10359930880,57013.7,2.9618,0.068,0.4723
39540,10365173760,57042.2,2.9837,0.066,0.4679
39560,10370416640,57070.6,2.9737,0.067,0.4635
39580,10375659520,57099.2,2.9580,0.067,0.4592
39600,10380902400,57127.6,2.9288,0.068,0.4548
39620,10386145280,57156.0,2.8738,0.064,0.4504
39640,10391388160,57184.6,2.9272,0.065,0.4461
39660,10396631040,57213.0,2.8791,0.065,0.4417
39680,10401873920,57241.5,2.9882,0.068,0.4373
39700,10407116800,57269.9,2.8480,0.069,0.4330
39720,10412359680,57298.5,2.8788,0.068,0.4286
39740,10417602560,57326.9,2.8870,0.065,0.4242
39760,10422845440,57357.4,2.9545,0.067,0.4199
39780,10428088320,57386.3,2.9050,0.068,0.4155
39800,10433331200,57414.8,2.9318,0.068,0.4111
39820,10438574080,57443.4,2.8742,0.067,0.4068
39840,10443816960,57471.8,2.9505,0.068,0.4024
39860,10449059840,57500.6,2.9110,0.066,0.3980
39880,10454302720,57529.1,2.8838,0.066,0.3937
39900,10459545600,57557.8,2.9463,0.067,0.3893
39920,10464788480,57586.3,2.8692,0.066,0.3849
39940,10470031360,57614.7,2.9331,0.065,0.3806
39960,10475274240,57643.1,2.9317,0.065,0.3762
39980,10480517120,57671.7,2.8856,0.067,0.3718
40000,10485760000,57700.2,2.9195,0.067,0.3675
40020,10491002880,57731.1,2.9289,0.067,0.3631
40040,10496245760,57759.5,2.9260,0.065,0.3587
40060,10501488640,57788.1,2.9342,0.067,0.3544
40080,10506731520,57816.5,2.9327,0.067,0.3500
40100,10511974400,57845.0,2.9194,0.066,0.3456
40120,10517217280,57873.5,2.9246,0.067,0.3413
40140,10522460160,57902.0,2.9500,0.066,0.3369
40160,10527703040,57930.4,2.9235,0.066,0.3325
40180,10532945920,57959.0,2.9220,0.066,0.3282
40200,10538188800,57987.7,2.9291,0.067,0.3238
40220,10543431680,58016.1,2.8968,0.066,0.3194
40240,10548674560,58044.7,2.9501,0.065,0.3151
40260,10553917440,58075.4,2.9445,0.067,0.3107
40280,10559160320,58103.8,2.8987,0.066,0.3063
40300,10564403200,58132.2,2.8991,0.066,0.3020
40320,10569646080,58160.7,2.8727,0.066,0.2976
40340,10574888960,58189.3,2.9141,0.066,0.2932
40360,10580131840,58217.9,2.9144,0.067,0.2889
40380,10585374720,58246.3,2.9601,0.068,0.2845
40400,10590617600,58274.9,2.9527,0.066,0.2801
40420,10595860480,58303.3,2.9766,0.065,0.2758
40440,10601103360,58331.8,2.9451,0.068,0.2714
40460,10606346240,58360.4,2.8807,0.067,0.2670
40480,10611589120,58388.9,2.8991,0.067,0.2627
40500,10616832000,58417.3,2.8661,0.067,0.2583
40520,10622074880,58447.8,2.9079,0.065,0.2539
40540,10627317760,58476.2,2.8356,0.066,0.2496
40560,10632560640,58504.9,2.9548,0.066,0.2452
40580,10637803520,58533.3,2.8756,0.065,0.2408
40600,10643046400,58561.7,2.8651,0.068,0.2365
40620,10648289280,58590.5,2.8719,0.065,0.2321
40640,10653532160,58619.1,2.9281,0.066,0.2277
40660,10658775040,58647.5,2.8821,0.066,0.2234
40680,10664017920,58676.1,2.8898,0.065,0.2190
40700,10669260800,58704.6,2.9167,0.065,0.2146
40720,10674503680,58733.2,2.8850,0.066,0.2103
40740,10679746560,58761.6,2.9689,0.066,0.2059
40760,10684989440,58792.6,2.8695,0.064,0.2015
40780,10690232320,58821.4,2.9316,0.067,0.1972
40800,10695475200,58849.8,2.8736,0.065,0.1928
40820,10700718080,58879.6,2.9380,0.067,0.1884
40840,10705960960,58907.9,2.9254,0.067,0.1841
40860,10711203840,58936.4,2.9275,0.065,0.1797
40880,10716446720,58964.9,2.9193,0.065,0.1753
40900,10721689600,58993.4,2.9769,0.067,0.1710
40920,10726932480,59021.8,2.8647,0.065,0.1666
40940,10732175360,59050.2,2.9260,0.066,0.1622
40960,10737418240,59078.6,2.9064,0.067,0.1579
40980,10742661120,59107.3,2.8427,0.066,0.1535
41000,10747904000,59135.8,2.9043,0.065,0.1491
41020,10753146880,59166.6,2.8715,0.065,0.1448
41040,10758389760,59195.3,2.9289,0.066,0.1404
41060,10763632640,59223.7,2.8706,0.066,0.1360
41080,10768875520,59252.1,2.8826,0.065,0.1317
41100,10774118400,59280.6,2.8869,0.065,0.1273
41120,10779361280,59309.1,2.8894,0.065,0.1229
41140,10784604160,59337.7,2.9485,0.066,0.1186
41160,10789847040,59366.1,2.8864,0.066,0.1142
41180,10795089920,59394.5,2.8594,0.065,0.1098
41200,10800332800,59423.0,2.9203,0.068,0.1055
41220,10805575680,59451.7,2.9233,0.065,0.1011
